,name,price,valid_until
0,Lenteja Olimpica 500 G,3700,2024-02-23T23:08:36Z
1,Sal Refisal 1 Kg,2200,2024-02-23T23:08:37Z
2,Azúcar Olimpica Refinada 1 Kg,4100,2024-02-23T23:08:37Z
3,Arroz Sabrosón 5 Kg,22590,2024-02-23T23:06:23Z
4,Harina de Maíz Pan Blanco 1 Kg,4990,2024-02-23T23:08:37Z
5,Huevos AA Kikes Rojos X30 Unds,21900,2024-02-23T23:08:36Z
6,Aceite Riquísimo 3000 ML,35300,2024-02-23T23:07:51Z
7,Arroz Sabrosón 3 Kg,12700,2024-02-23T23:05:38Z
8,Huevos A Santa Anita Rojos X30 Unds,16900,2024-02-23T23:07:43Z
9,Frijol Olimpica Riego Zaragoza Rosado 500 G,3900,2024-02-23T23:08:10Z
10,Huevos A Kikes Rojos X30 Unds,15990,2024-02-23T23:06:10Z
11,"Azúcar La Económica 2,5 Kg",10990,2024-02-23T23:09:11Z
12,Lenteja Olimpica 500 G,3700,2024-02-23T23:08:36Z
13,Sal Refisal 1 Kg,2200,2024-02-23T23:08:37Z
14,Azúcar Olimpica Refinada 1 Kg,4100,2024-02-23T23:08:37Z
15,Arroz Sabrosón 5 Kg,22590,2024-02-23T23:06:23Z
16,Harina de Maíz Pan Blanco 1 Kg,4990,2024-02-23T23:08:37Z
17,Huevos AA Kikes Rojos X30 Unds,21900,2024-02-23T23:08:36Z
18,Aceite Riquísimo 3000 ML,35300,2024-02-23T23:07:51Z
19,Arroz Sabrosón 3 Kg,12700,2024-02-23T23:05:38Z
20,Huevos A Santa Anita Rojos X30 Unds,16900,2024-02-23T23:07:43Z
21,Frijol Olimpica Riego Zaragoza Rosado 500 G,3900,2024-02-23T23:08:10Z
22,Huevos A Kikes Rojos X30 Unds,15990,2024-02-23T23:06:10Z
23,"Azúcar La Económica 2,5 Kg",10990,2024-02-23T23:09:11Z
24,Aceite Gourmet Familia Multiusos 900 ML,18990,2024-02-23T23:01:39Z
25,Aceite Riquísimo 1000 ML,12850,2024-02-23T23:01:39Z
26,Harina Haz De Oros Tradicional 500 G,2850,2024-02-23T23:02:24Z
27,Aceite de Girasol Premier 1000 ML,21350,2024-02-23T23:04:48Z
28,Harina de Trigo Olimpica 500 G,1990,2024-02-23T23:02:51Z
29,Arroz Diana 3 Kg,15570,2024-02-23T23:02:42Z
30,Atún Medalla De Oro Lomitos en Agua 170 G,5990,2024-02-23T23:04:48Z
31,Aceite Olimpica Girasol 3 Lt,44990,2024-02-23T23:01:34Z
32,Huevos AAA Santa Anita Rojos Amarrado X30 Unds,19500,2024-02-23T23:01:33Z
33,Azúcar Olimpica Morena 1 Kg,4550,2024-02-23T23:03:18Z
34,Atún Medalla De Oro Lomitos en Aceite Vegetal 170 G,5990,2024-02-23T23:03:18Z
35,Arroz Diana 1 Kg,5190,2024-02-23T23:04:36Z
36,Aceite Gourmet Familia Multiusos 900 ML,18990,2024-02-23T23:01:39Z
37,Aceite Riquísimo 1000 ML,12850,2024-02-23T23:01:39Z
38,Harina Haz De Oros Tradicional 500 G,2850,2024-02-23T23:02:24Z
39,Aceite de Girasol Premier 1000 ML,21350,2024-02-23T23:04:48Z
40,Harina de Trigo Olimpica 500 G,1990,2024-02-23T23:02:51Z
41,Arroz Diana 3 Kg,15570,2024-02-23T23:02:42Z
42,Atún Medalla De Oro Lomitos en Agua 170 G,5990,2024-02-23T23:04:48Z
43,Aceite Olimpica Girasol 3 Lt,44990,2024-02-23T23:01:34Z
44,Huevos AAA Santa Anita Rojos Amarrado X30 Unds,19500,2024-02-23T23:01:33Z
45,Azúcar Olimpica Morena 1 Kg,4550,2024-02-23T23:03:18Z
46,Atún Medalla De Oro Lomitos en Aceite Vegetal 170 G,5990,2024-02-23T23:03:18Z
47,Arroz Diana 1 Kg,5190,2024-02-23T23:04:36Z
48,Galleta Ducales Taco 360 G X3 Unds,7590,2024-02-23T23:14:10Z
49,Pasta Doria Clásica 250 G,2150,2024-02-23T23:14:02Z
50,Vinagre Medalla de Oro Blanco 2 Lt,5500,2024-02-23T23:16:26Z
51,Harina De Maíz Medalla De Oro Precocida Blanca 1 Kg,3850,2024-02-23T23:13:44Z
52,"Azúcar Olimpica Refinada 2,5 Kg",10250,2024-02-23T23:16:26Z
53,Atún Olimpica Lomitos en Agua 160 G,4690,2024-02-23T23:13:44Z
54,Atún Van Camps Lomo en Agua 160 G,7990,2024-02-23T23:15:55Z
55,Aceite Medalla De Oro Mezcla 900 ML,9990,2024-02-23T23:16:26Z
56,Lenteja Olimpica 1 Kg,7900,2024-02-23T23:16:26Z
57,Pastas La Muñeca  Spaghetti Tamaño Familiar 1 Kg,6590,2024-02-23T23:16:26Z
58,Aceite de Mezcla Vegetal Medalla de Oro 3 Lt,25990,2024-02-23T23:14:26Z
59,Aceite Gourmet Familia Multiusos 2600 ML,56680,2024-02-23T23:16:26Z
60,Galleta Ducales Taco 360 G X3 Unds,7590,2024-02-23T23:14:10Z
61,Pasta Doria Clásica 250 G,2150,2024-02-23T23:14:02Z
62,Vinagre Medalla de Oro Blanco 2 Lt,5500,2024-02-23T23:16:26Z
63,Harina De Maíz Medalla De Oro Precocida Blanca 1 Kg,3850,2024-02-23T23:13:44Z
64,"Azúcar Olimpica Refinada 2,5 Kg",10250,2024-02-23T23:16:26Z
65,Atún Olimpica Lomitos en Agua 160 G,4690,2024-02-23T23:13:44Z
66,Atún Van Camps Lomo en Agua 160 G,7990,2024-02-23T23:15:55Z
67,Aceite Medalla De Oro Mezcla 900 ML,9990,2024-02-23T23:16:26Z
68,Lenteja Olimpica 1 Kg,7900,2024-02-23T23:16:26Z
69,Pastas La Muñeca  Spaghetti Tamaño Familiar 1 Kg,6590,2024-02-23T23:16:26Z
70,Aceite de Mezcla Vegetal Medalla de Oro 3 Lt,25990,2024-02-23T23:14:26Z
71,Aceite Gourmet Familia Multiusos 2600 ML,56680,2024-02-23T23:16:26Z
72,Crema de Leche Alquería 900 G,16990,2024-02-23T23:00:18Z
73,Pasta Doria 1 Kg,6300,2024-02-23T23:03:47Z
74,Crema Leche Alqueria Tetra 180g,4460,2024-02-23T23:03:19Z
75,Aceite Olimpica Soya 3 Lt,37990,2024-02-23T23:01:39Z
76,Aceite de Girasol Premier 3000 ML,59550,2024-02-23T23:00:24Z
77,Pasta Comarrico Fideo 454 G,2790,2024-02-23T23:04:46Z
78,AZUCAR MANUELITA POLIET 2.5 kg,11550,2024-02-23T23:05:00Z
79,AZUCAR MANUELITA MORENA 1 Kg,4650,2024-02-23T23:02:37Z
80,Galleta Saltín Noel Rojo Taco 500 G X5 Unds,6500,2024-02-23T23:04:56Z
81,Arroz Medalla De Oro 3 Kg,12450,2024-02-23T23:04:27Z
82,Galleta Saltín Noel Rojo Taco 300 G X3 Unds,5490,2024-02-23T23:03:32Z
83,Maíz Dulce Medalla de Oro 425 G,4950,2024-02-23T23:03:26Z
84,Crema de Leche Alquería 900 G,16990,2024-02-23T23:00:18Z
85,Pasta Doria 1 Kg,6300,2024-02-23T23:03:47Z
86,Crema Leche Alqueria Tetra 180g,4460,2024-02-23T23:03:19Z
87,Aceite Olimpica Soya 3 Lt,37990,2024-02-23T23:01:39Z
88,Aceite de Girasol Premier 3000 ML,59550,2024-02-23T23:00:24Z
89,Pasta Comarrico Fideo 454 G,2790,2024-02-23T23:04:46Z
90,AZUCAR MANUELITA POLIET 2.5 kg,11550,2024-02-23T23:05:00Z
91,AZUCAR MANUELITA MORENA 1 Kg,4650,2024-02-23T23:02:37Z
92,Galleta Saltín Noel Rojo Taco 500 G X5 Unds,6500,2024-02-23T23:04:56Z
93,Arroz Medalla De Oro 3 Kg,12450,2024-02-23T23:04:27Z
94,Galleta Saltín Noel Rojo Taco 300 G X3 Unds,5490,2024-02-23T23:03:32Z
95,Maíz Dulce Medalla de Oro 425 G,4950,2024-02-23T23:03:26Z
96,"Azúcar Mayagüez Blanca 2,5 Kg",9680,2024-02-23T23:04:03Z
97,AZUCAR MANUELITA 1 Kg,4650,2024-02-23T23:00:25Z
98,Atún Van Camps Lomo en Aceite 160 G,7990,2024-02-23T23:03:05Z
99,Maíz Olimpica Pira 500 G,2900,2024-02-23T23:04:42Z
100,AZUCAR MANUELITA MORENA 2.5 Kg,11550,2024-02-23T23:05:06Z
101,Huevo A Olimpica Rojo X12 Unds,8900,2024-02-23T23:00:16Z
102,Aceite de Soya Olimpica 900 ML,13980,2024-02-23T23:01:50Z
103,Atún Medalla De Oro Trozos en Aceite Vegetal 170 G,4790,2024-02-23T23:04:34Z
104,LECHE POLV OLIMPICA BSA 380 g,8590,2024-02-23T23:05:06Z
105,Galleta Oreo Clásica 432 G,9990,2024-02-23T23:01:33Z
106,Aceite de Oliva Medalla De Oro 1000 ML,43350,2024-02-23T23:05:06Z
107,Arroz Diana 500 G,2590,2024-02-23T23:02:01Z
108,"Azúcar Mayagüez Blanca 2,5 Kg",9680,2024-02-23T23:04:03Z
109,AZUCAR MANUELITA 1 Kg,4650,2024-02-23T23:00:25Z
110,Atún Van Camps Lomo en Aceite 160 G,7990,2024-02-23T23:03:05Z
111,Maíz Olimpica Pira 500 G,2900,2024-02-23T23:04:42Z
112,AZUCAR MANUELITA MORENA 2.5 Kg,11550,2024-02-23T23:05:06Z
113,Huevo A Olimpica Rojo X12 Unds,8900,2024-02-23T23:00:16Z
114,Aceite de Soya Olimpica 900 ML,13980,2024-02-23T23:01:50Z
115,Atún Medalla De Oro Trozos en Aceite Vegetal 170 G,4790,2024-02-23T23:04:34Z
116,LECHE POLV OLIMPICA BSA 380 g,8590,2024-02-23T23:05:06Z
117,Galleta Oreo Clásica 432 G,9990,2024-02-23T23:01:33Z
118,Aceite de Oliva Medalla De Oro 1000 ML,43350,2024-02-23T23:05:06Z
119,Arroz Diana 500 G,2590,2024-02-23T23:02:01Z
120,Avena Quaker en Hojuelas 960 G Extra Contenido,10900,2024-02-23T22:56:35Z
121,Lomo de Atún Medalla de Oro Agua 170 G X3 Unds,15990,2024-02-23T22:51:39Z
122,Arequipe Alpina 220 G,7550,2024-02-23T22:52:27Z
123,Atún Medalla Oro Rallado Agua 170 G,3190,2024-02-23T22:51:39Z
124,Vinagre Medalla de Oro Blanco 1 Lt,2850,2024-02-23T22:56:35Z
125,Frijol Olímpica Bolón Rojo 500 G,8300,2024-02-23T22:56:35Z
126,Leche en Polvo Klim Fortificada 840 G,37990,2024-02-23T22:52:15Z
127,Garbanzo Olimpica 500 G,3720,2024-02-23T22:52:53Z
128,Harina Doñarepa Maíz Blanco Extra Fina 1 Kg,5750,2024-02-23T22:56:35Z
129,"Arroz Diana Paca 12,5 Kg X25 Unds",56350,2024-02-23T22:55:56Z
130,Aceite de Girasol Premier 2000 ML,41550,2024-02-23T22:56:35Z
131,Atún Medalla De Oro Trozos en Agua 170 G,4790,2024-02-23T22:56:35Z
132,Avena Quaker en Hojuelas 960 G Extra Contenido,10900,2024-02-23T22:56:35Z
133,Lomo de Atún Medalla de Oro Agua 170 G X3 Unds,15990,2024-02-23T22:51:39Z
134,Arequipe Alpina 220 G,7550,2024-02-23T22:52:27Z
135,Atún Medalla Oro Rallado Agua 170 G,3190,2024-02-23T22:51:39Z
136,Vinagre Medalla de Oro Blanco 1 Lt,2850,2024-02-23T22:56:35Z
137,Frijol Olímpica Bolón Rojo 500 G,8300,2024-02-23T22:56:35Z
138,Leche en Polvo Klim Fortificada 840 G,37990,2024-02-23T22:52:15Z
139,Garbanzo Olimpica 500 G,3720,2024-02-23T22:52:53Z
140,Harina Doñarepa Maíz Blanco Extra Fina 1 Kg,5750,2024-02-23T22:56:35Z
141,"Arroz Diana Paca 12,5 Kg X25 Unds",56350,2024-02-23T22:55:56Z
142,Aceite de Girasol Premier 2000 ML,41550,2024-02-23T22:56:35Z
143,Atún Medalla De Oro Trozos en Agua 170 G,4790,2024-02-23T22:56:35Z
144,Caldo Gallina Maggi 132 G X12 Unds,4990,2024-02-23T23:16:37Z
145,Salsa de Tomate Fruco Doypack 400 G,9230,2024-02-23T23:16:26Z
146,Galleta Club Social Original 234 G,5990,2024-02-23T23:11:46Z
147,Frijol Olimpica Cabeza Negra 500 G,3670,2024-02-23T23:17:09Z
148,GALLETA OREO NAVIDAD WHITE FUDGE 262.4 g.,14800,2024-02-23T23:17:03Z
149,Bocadillos Olimpica De Guayaba 350 G X12 Unds,4640,2024-02-23T23:12:13Z
150,Galleta Saltín Noel Rojo Taco 706 G X8 Unds,8800,2024-02-23T23:17:09Z
151,LECHE POLV THE CANTARO ENT ADICION 900g,25700,2024-02-23T23:17:09Z
152,AZUCAR MAYAGUEZ BCA 1kg,5050,2024-02-23T23:15:59Z
153,"Arroz Medalla de Oro 12,5 Kg X25 Unds",50250,2024-02-23T23:17:09Z
154,Atún Van Camps Aceite de Oliva 80 G X3 Unds,17000,2024-02-23T23:16:44Z
155,Aceite Canola Life 100% Puro 1 Lt,24150,2024-02-23T23:15:51Z
156,Caldo Gallina Maggi 132 G X12 Unds,4990,2024-02-23T23:16:37Z
157,Salsa de Tomate Fruco Doypack 400 G,9230,2024-02-23T23:16:26Z
158,Galleta Club Social Original 234 G,5990,2024-02-23T23:11:46Z
159,Frijol Olimpica Cabeza Negra 500 G,3670,2024-02-23T23:17:09Z
160,GALLETA OREO NAVIDAD WHITE FUDGE 262.4 g.,14800,2024-02-23T23:17:03Z
161,Bocadillos Olimpica De Guayaba 350 G X12 Unds,4640,2024-02-23T23:12:13Z
162,Galleta Saltín Noel Rojo Taco 706 G X8 Unds,8800,2024-02-23T23:17:09Z
163,LECHE POLV THE CANTARO ENT ADICION 900g,25700,2024-02-23T23:17:09Z
164,AZUCAR MAYAGUEZ BCA 1kg,5050,2024-02-23T23:15:59Z
165,"Arroz Medalla de Oro 12,5 Kg X25 Unds",50250,2024-02-23T23:17:09Z
166,Atún Van Camps Aceite de Oliva 80 G X3 Unds,17000,2024-02-23T23:16:44Z
167,Aceite Canola Life 100% Puro 1 Lt,24150,2024-02-23T23:15:51Z
168,Aceite Gourmet Familia Multiusos 1800 ML,39850,2024-02-23T23:01:50Z
169,Aceite Gourmet Fritos Experto 900 ML,15700,2024-02-23T23:04:39Z
170,Pastas La Muñeca Lasaña 400 G,9990,2024-02-23T23:05:22Z
171,Arroz Tailandés 3 Kg,16740,2024-02-23T23:04:46Z
172,Aceite de Oliva Medalla De Oro Extra Virgen 500 ML,22150,2024-02-23T23:01:50Z
173,Arequipe Alpina 500 G,14050,2024-02-23T23:05:22Z
174,LECHE POLV MEDALLA ORO AZUC BSA 380 g,8300,2024-02-23T23:05:22Z
175,Arroz Corriente a Granel,3850,2024-02-23T23:03:18Z
176,Frijol Olimpica Cargamanto Rojo 500 G,9290,2024-02-23T23:04:35Z
177,Pasta Doria Tornillo 250 G,2250,2024-02-23T23:05:22Z
178,Harina De Maíz Arepasan Blanca 1 Kg,4750,2024-02-23T23:05:22Z
179,"Azúcar Morena Olimpica 2,5 Kg",11500,2024-02-23T23:01:49Z
180,Aceite Gourmet Familia Multiusos 1800 ML,39850,2024-02-23T23:01:50Z
181,Aceite Gourmet Fritos Experto 900 ML,15700,2024-02-23T23:04:39Z
182,Pastas La Muñeca Lasaña 400 G,9990,2024-02-23T23:05:22Z
183,Arroz Tailandés 3 Kg,16740,2024-02-23T23:04:46Z
184,Aceite de Oliva Medalla De Oro Extra Virgen 500 ML,22150,2024-02-23T23:01:50Z
185,Arequipe Alpina 500 G,14050,2024-02-23T23:05:22Z
186,LECHE POLV MEDALLA ORO AZUC BSA 380 g,8300,2024-02-23T23:05:22Z
187,Arroz Corriente a Granel,3850,2024-02-23T23:03:18Z
188,Frijol Olimpica Cargamanto Rojo 500 G,9290,2024-02-23T23:04:35Z
189,Pasta Doria Tornillo 250 G,2250,2024-02-23T23:05:22Z
190,Harina De Maíz Arepasan Blanca 1 Kg,4750,2024-02-23T23:05:22Z
191,"Azúcar Morena Olimpica 2,5 Kg",11500,2024-02-23T23:01:49Z
192,Panela Olimpica Pastilla 1 Kg,5400,2024-02-23T23:14:50Z
193,BEBIDA TOSH ALMENDRA SA 1L,9380,2024-02-23T23:14:46Z
194,Aceite Canola Life 100% Puro de Canola 2 Lt,41990,2024-02-23T23:14:50Z
195,Cereal Kellogg&apos;s Zucaritas 410 G,18060,2024-02-23T23:12:39Z
196,Salsa Olimpica Mostaza Doypack 200 G,2890,2024-02-23T23:17:28Z
197,Crema de Leche Finesse Sem Entera 200 ML,5700,2024-02-23T23:13:37Z
198,Leche en Polvo El Rodeo 875 G,31990,2024-02-23T23:17:09Z
199,Aceite Canola Olimpica 2000 ML,34700,2024-02-23T23:14:50Z
200,Huevos AA Kikes Pet Rojos X12 Unds,9950,2024-02-23T23:14:23Z
201,Leche en Polvo Klim Fortificada Instantánea 360 G,17990,2024-02-23T23:17:28Z
202,AZUCAR INCAUCA 2.5 kg,11850,2024-02-23T23:14:50Z
203,Aceite de Oliva Olimpica 450 ML,12990,2024-02-23T23:14:50Z
204,Panela Olimpica Pastilla 1 Kg,5400,2024-02-23T23:14:50Z
205,BEBIDA TOSH ALMENDRA SA 1L,9380,2024-02-23T23:14:46Z
206,Aceite Canola Life 100% Puro de Canola 2 Lt,41990,2024-02-23T23:14:50Z
207,Cereal Kellogg&apos;s Zucaritas 410 G,18060,2024-02-23T23:12:39Z
208,Salsa Olimpica Mostaza Doypack 200 G,2890,2024-02-23T23:17:28Z
209,Crema de Leche Finesse Sem Entera 200 ML,5700,2024-02-23T23:13:37Z
210,Leche en Polvo El Rodeo 875 G,31990,2024-02-23T23:17:09Z
211,Aceite Canola Olimpica 2000 ML,34700,2024-02-23T23:14:50Z
212,Huevos AA Kikes Pet Rojos X12 Unds,9950,2024-02-23T23:14:23Z
213,Leche en Polvo Klim Fortificada Instantánea 360 G,17990,2024-02-23T23:17:28Z
214,AZUCAR INCAUCA 2.5 kg,11850,2024-02-23T23:14:50Z
215,Aceite de Oliva Olimpica 450 ML,12990,2024-02-23T23:14:50Z
216,Galleta Club Social Integral 234 G,6400,2024-02-23T23:14:44Z
217,Huevos AA Olimpica Rojos Extra X30 Unds,21900,2024-02-23T23:14:23Z
218,Salchicha Zenú Viena 150 G X3 Unds Precio Especial,13750,2024-02-23T23:17:31Z
219,Atún Van Camps Lomo en Agua 160 G c/u X4 Unds,35600,2024-02-23T23:17:40Z
220,Aromática Hindú Manzanilla 18 G X20 Unds,3450,2024-02-23T23:15:18Z
221,Aceite de Mezcla Vegetal Medalla de Oro 3 Lt,25980,2024-02-23T23:12:43Z
222,Avena Toning en Hojuelas 1 Kg,9150,2024-02-23T23:17:40Z
223,Aceite de Oliva Olivo de Paz 1 Lt,25990,2024-02-23T23:17:40Z
224,Salsa de Tomate Medalla de Oro Doypack 1000 G,6380,2024-02-23T23:16:39Z
225,Cereal Kellogg&apos;s Froot Loops 315 G,16850,2024-02-23T23:17:40Z
226,"Arroz Diana Premium 2,5 Kg",18580,2024-02-23T23:17:16Z
227,Arveja Olimpica Verde 500 G,2450,2024-02-23T23:17:40Z
228,Galleta Club Social Integral 234 G,6400,2024-02-23T23:14:44Z
229,Huevos AA Olimpica Rojos Extra X30 Unds,21900,2024-02-23T23:14:23Z
230,Salchicha Zenú Viena 150 G X3 Unds Precio Especial,13750,2024-02-23T23:17:31Z
231,Atún Van Camps Lomo en Agua 160 G c/u X4 Unds,35600,2024-02-23T23:17:40Z
232,Aromática Hindú Manzanilla 18 G X20 Unds,3450,2024-02-23T23:15:18Z
233,Aceite de Mezcla Vegetal Medalla de Oro 3 Lt,25980,2024-02-23T23:12:43Z
234,Avena Toning en Hojuelas 1 Kg,9150,2024-02-23T23:17:40Z
235,Aceite de Oliva Olivo de Paz 1 Lt,25990,2024-02-23T23:17:40Z
236,Salsa de Tomate Medalla de Oro Doypack 1000 G,6380,2024-02-23T23:16:39Z
237,Cereal Kellogg&apos;s Froot Loops 315 G,16850,2024-02-23T23:17:40Z
238,"Arroz Diana Premium 2,5 Kg",18580,2024-02-23T23:17:16Z
239,Arveja Olimpica Verde 500 G,2450,2024-02-23T23:17:40Z
240,Galleta Tosh Miel Taco 418 G,7960,2024-02-23T22:57:04Z
241,Frijol Olimpica Lima Carmin 500 G,6350,2024-02-23T22:54:14Z
242,Arroz a Granel x Kg,3980,2024-02-23T22:56:13Z
243,Atún Olimpica Lomito En Aceite 160 G,5490,2024-02-23T22:57:04Z
244,"Arroz Sabrosón Paca Económica 12,5 Kg X25 Unds",49200,2024-02-23T22:55:14Z
245,Galleta Saltín Noel Integral Doble Fibra Tacos 415 G X3 Unds,6600,2024-02-23T22:57:04Z
246,ALMEND AMER O 200 g,12990,2024-02-23T22:54:49Z
247,Atún Medalla De Oro Lomo en Aceite 170 G X3 Unds,15990,2024-02-23T22:57:04Z
248,Galleta Wafer Noel Vainilla 432 G,7630,2024-02-23T22:53:21Z
249,Arroz Roa 1 Kg,4400,2024-02-23T22:56:13Z
250,Atún Van Camps Aceite 160 G X4 Oferta,31960,2024-02-23T22:57:04Z
251,Harina de Maíz Pan Blanco 500 G,2750,2024-02-23T22:54:07Z
252,Galleta Tosh Miel Taco 418 G,7960,2024-02-23T22:57:04Z
253,Frijol Olimpica Lima Carmin 500 G,6350,2024-02-23T22:54:14Z
254,Arroz a Granel x Kg,3980,2024-02-23T22:56:13Z
255,Atún Olimpica Lomito En Aceite 160 G,5490,2024-02-23T22:57:04Z
256,"Arroz Sabrosón Paca Económica 12,5 Kg X25 Unds",49200,2024-02-23T22:55:14Z
257,Galleta Saltín Noel Integral Doble Fibra Tacos 415 G X3 Unds,6600,2024-02-23T22:57:04Z
258,ALMEND AMER O 200 g,12990,2024-02-23T22:54:49Z
259,Atún Medalla De Oro Lomo en Aceite 170 G X3 Unds,15990,2024-02-23T22:57:04Z
260,Galleta Wafer Noel Vainilla 432 G,7630,2024-02-23T22:53:21Z
261,Arroz Roa 1 Kg,4400,2024-02-23T22:56:13Z
262,Atún Van Camps Aceite 160 G X4 Oferta,31960,2024-02-23T22:57:04Z
263,Harina de Maíz Pan Blanco 500 G,2750,2024-02-23T22:54:07Z
264,Vinagre Buni Sabor 3 Lt,5950,2024-02-23T22:56:03Z
265,Atún Van Camps Baby en Agua 80 G X3 Unds,15300,2024-02-23T22:57:10Z
266,Galleta Festival Minichips 420 G,12540,2024-02-23T22:57:10Z
267,Canela El Rey Astilla 11 G,2600,2024-02-23T22:57:10Z
268,Pasta Monticello 500 G,7750,2024-02-23T22:57:10Z
269,Salsa de Tomate Fruco Doypack 1000 G,15750,2024-02-23T22:57:10Z
270,Azúcar Riopaila Suprema 1 Kg,4050,2024-02-23T22:52:12Z
271,Arroz Olimpica Excelso Granel,3700,2024-02-23T22:54:43Z
272,Aceite de Oliva Olivetto Suave Vidrio 500 ML,41400,2024-02-23T22:56:19Z
273,SAL REFISAL MAR DUOP 2un 800g P/ESP 1.6k,8550,2024-02-23T22:57:10Z
274,Aceite Girasol Olímpica 3 Lt,44990,2024-02-23T22:57:10Z
275,Uva Pasa Olimpica 200 G,4950,2024-02-23T22:55:51Z
276,Vinagre Buni Sabor 3 Lt,5950,2024-02-23T22:56:03Z
277,Atún Van Camps Baby en Agua 80 G X3 Unds,15300,2024-02-23T22:57:10Z
278,Galleta Festival Minichips 420 G,12540,2024-02-23T22:57:10Z
279,Canela El Rey Astilla 11 G,2600,2024-02-23T22:57:10Z
280,Pasta Monticello 500 G,7750,2024-02-23T22:57:10Z
281,Salsa de Tomate Fruco Doypack 1000 G,15750,2024-02-23T22:57:10Z
282,Azúcar Riopaila Suprema 1 Kg,4050,2024-02-23T22:52:12Z
283,Arroz Olimpica Excelso Granel,3700,2024-02-23T22:54:43Z
284,Aceite de Oliva Olivetto Suave Vidrio 500 ML,41400,2024-02-23T22:56:19Z
285,SAL REFISAL MAR DUOP 2un 800g P/ESP 1.6k,8550,2024-02-23T22:57:10Z
286,Aceite Girasol Olímpica 3 Lt,44990,2024-02-23T22:57:10Z
287,Uva Pasa Olimpica 200 G,4950,2024-02-23T22:55:51Z
288,Aceite Gourmet de Coco Virgen Orgánico 360 ML,43950,2024-02-23T22:56:38Z
289,Pasta Comarrico Fideo 1 Kg,5990,2024-02-23T22:53:33Z
290,Atún Zenú Lomo en Agua 160 G,7550,2024-02-23T22:57:16Z
291,Aceite De Oliva Olivo De La Paz 500 ML,14990,2024-02-23T22:56:20Z
292,LECHE POLV THE CANTARO AZUCARADA 900g,23900,2024-02-23T22:57:16Z
293,Leche en Polvo El Rodeo 375 G,14030,2024-02-23T22:57:16Z
294,Pasta Monticello Fusilli 500 G,7880,2024-02-23T22:57:05Z
295,Salsa de Tomate Fruco Doypack 600 G,7890,2024-02-23T22:56:25Z
296,"Arroz Roa Paca 12,5 Kg",53950,2024-02-23T22:56:13Z
297,Atún Van Camps Aceite 80 G X3 Unds,15900,2024-02-23T22:56:22Z
298,Panela Olimpica Redonda 1 Kg X8 Unds,5850,2024-02-23T22:57:16Z
299,"Leche Klim Polvo Fortificada 2,4 Kg",100750,2024-02-23T22:56:20Z
300,Aceite Gourmet de Coco Virgen Orgánico 360 ML,43950,2024-02-23T22:56:38Z
301,Pasta Comarrico Fideo 1 Kg,5990,2024-02-23T22:53:33Z
302,Atún Zenú Lomo en Agua 160 G,7550,2024-02-23T22:57:16Z
303,Aceite De Oliva Olivo De La Paz 500 ML,14990,2024-02-23T22:56:20Z
304,LECHE POLV THE CANTARO AZUCARADA 900g,23900,2024-02-23T22:57:16Z
305,Leche en Polvo El Rodeo 375 G,14030,2024-02-23T22:57:16Z
306,Pasta Monticello Fusilli 500 G,7880,2024-02-23T22:57:05Z
307,Salsa de Tomate Fruco Doypack 600 G,7890,2024-02-23T22:56:25Z
308,"Arroz Roa Paca 12,5 Kg",53950,2024-02-23T22:56:13Z
309,Atún Van Camps Aceite 80 G X3 Unds,15900,2024-02-23T22:56:22Z
310,Panela Olimpica Redonda 1 Kg X8 Unds,5850,2024-02-23T22:57:16Z
311,"Leche Klim Polvo Fortificada 2,4 Kg",100750,2024-02-23T22:56:20Z
312,Frijol Olimpica Nima 450 G,5630,2024-02-23T23:01:28Z
313,Arroz Diana Premium 1 Kg,6700,2024-02-23T23:04:46Z
314,Leche en Polvo Colanta Entera 900 g,34050,2024-02-23T23:02:37Z
315,Galleta Saltín Noel Rojo 216 G X9 Unds,5200,2024-02-23T23:03:14Z
316,Leche Condensada La Lechera® Bolsa 420 G,12550,2024-02-23T23:06:12Z
317,Salsa Medalla de Oro Mayonesa 400 G,4250,2024-02-23T23:06:12Z
318,Aceite de Oliva Extra Virgen Suave Olivetto PET 1000 ML,60750,2024-02-23T23:06:12Z
319,LECHE POLV SVELTY OVE+ DESCR 390g,23950,2024-02-23T23:05:21Z
320,Atún Zenú Lomo en Aceite de Girasol 160 G,7650,2024-02-23T23:06:12Z
321,Salsa Fruco Mayonesa Doypack 380 G,8450,2024-02-23T23:06:12Z
322,Harina de Maíz Dulce Pan 1 Kg,8650,2024-02-23T23:06:12Z
323,Frijol Olimpica Bola 1 Kg,17100,2024-02-23T23:02:42Z
324,Frijol Olimpica Nima 450 G,5630,2024-02-23T23:01:28Z
325,Arroz Diana Premium 1 Kg,6700,2024-02-23T23:04:46Z
326,Leche en Polvo Colanta Entera 900 g,34050,2024-02-23T23:02:37Z
327,Galleta Saltín Noel Rojo 216 G X9 Unds,5200,2024-02-23T23:03:14Z
328,Leche Condensada La Lechera® Bolsa 420 G,12550,2024-02-23T23:06:12Z
329,Salsa Medalla de Oro Mayonesa 400 G,4250,2024-02-23T23:06:12Z
330,Aceite de Oliva Extra Virgen Suave Olivetto PET 1000 ML,60750,2024-02-23T23:06:12Z
331,LECHE POLV SVELTY OVE+ DESCR 390g,23950,2024-02-23T23:05:21Z
332,Atún Zenú Lomo en Aceite de Girasol 160 G,7650,2024-02-23T23:06:12Z
333,Salsa Fruco Mayonesa Doypack 380 G,8450,2024-02-23T23:06:12Z
334,Harina de Maíz Dulce Pan 1 Kg,8650,2024-02-23T23:06:12Z
335,Frijol Olimpica Bola 1 Kg,17100,2024-02-23T23:02:42Z
336,Aceite Canola Olimpica 900 ML,18990,2024-02-23T23:18:13Z
337,Pasta Penne Rigate Conzazoni 500 G,8600,2024-02-23T23:18:13Z
338,Atún Van Camps Aceite de Oliva 160 G,9800,2024-02-23T23:18:13Z
339,Salsa Barilla Para Pasta Napolitana 400 G,16990,2024-02-23T23:18:13Z
340,Cereal Fitness Original 570 G,28000,2024-02-23T23:15:35Z
341,Caldo Gallina Maggi Desmenuzado 108 G + Gratis X2 Sobres,6090,2024-02-23T23:16:44Z
342,Arroz Flor Huila 1 Kg,4400,2024-02-23T23:15:48Z
343,Galleta Oreo Original 648 G,15910,2024-02-23T23:18:13Z
344,Arroz Sabrosón 1 Kg,4400,2024-02-23T23:15:52Z
345,Galleta Saltinas Original 530 G X5 Unds Oferta,7650,2024-02-23T23:15:23Z
346,Sopa Instantánea Ajinomen Fideo Pollo 80 G,2900,2024-02-23T23:18:13Z
347,Pasta Monticello Penne Rigate 500 G,8190,2024-02-23T23:18:13Z
348,Aceite Canola Olimpica 900 ML,18990,2024-02-23T23:18:13Z
349,Pasta Penne Rigate Conzazoni 500 G,8600,2024-02-23T23:18:13Z
350,Atún Van Camps Aceite de Oliva 160 G,9800,2024-02-23T23:18:13Z
351,Salsa Barilla Para Pasta Napolitana 400 G,16990,2024-02-23T23:18:13Z
352,Cereal Fitness Original 570 G,28000,2024-02-23T23:15:35Z
353,Caldo Gallina Maggi Desmenuzado 108 G + Gratis X2 Sobres,6090,2024-02-23T23:16:44Z
354,Arroz Flor Huila 1 Kg,4400,2024-02-23T23:15:48Z
355,Galleta Oreo Original 648 G,15910,2024-02-23T23:18:13Z
356,Arroz Sabrosón 1 Kg,4400,2024-02-23T23:15:52Z
357,Galleta Saltinas Original 530 G X5 Unds Oferta,7650,2024-02-23T23:15:23Z
358,Sopa Instantánea Ajinomen Fideo Pollo 80 G,2900,2024-02-23T23:18:13Z
359,Pasta Monticello Penne Rigate 500 G,8190,2024-02-23T23:18:13Z
360,Frijol Olimpica Carahota 500 G,3280,2024-02-23T22:54:40Z
361,Aceite Diana Mezcla Vegetal Vitamina A/D 900 ML,11550,2024-02-23T22:57:38Z
362,Arroz Roa 3 Kg,13350,2024-02-23T22:57:38Z
363,"Azúcar Riopaila Blanca 2,5 Kg",11250,2024-02-23T22:57:39Z
364,Frijol Olimpica Palomito 500 G,3840,2024-02-23T22:55:04Z
365,Aceite Medalla Oro Mezcla Vegetales 3 L.,25980,2024-02-23T22:57:38Z
366,Huevos AA Nápoles Rojos X30 Unds,24000,2024-02-23T22:54:55Z
367,Huevos A Olimpica Rojos X30 Unds,19500,2024-02-23T22:55:53Z
368,Pasta Fettuccine Monticello 500 G,7750,2024-02-23T22:53:53Z
369,Huevos Santa Reyes Gallina Feliz X18 Unds,18900,2024-02-23T22:55:53Z
370,Galleta Colombina Leche 216 G,5350,2024-02-23T22:55:12Z
371,Arroz Olimpica Excelso Bulto 23 Kg,88550,2024-02-23T22:53:59Z
372,Frijol Olimpica Carahota 500 G,3280,2024-02-23T22:54:40Z
373,Aceite Diana Mezcla Vegetal Vitamina A/D 900 ML,11550,2024-02-23T22:57:38Z
374,Arroz Roa 3 Kg,13350,2024-02-23T22:57:38Z
375,"Azúcar Riopaila Blanca 2,5 Kg",11250,2024-02-23T22:57:39Z
376,Frijol Olimpica Palomito 500 G,3840,2024-02-23T22:55:04Z
377,Aceite Medalla Oro Mezcla Vegetales 3 L.,25980,2024-02-23T22:57:38Z
378,Huevos AA Nápoles Rojos X30 Unds,24000,2024-02-23T22:54:55Z
379,Huevos A Olimpica Rojos X30 Unds,19500,2024-02-23T22:55:53Z
380,Pasta Fettuccine Monticello 500 G,7750,2024-02-23T22:53:53Z
381,Huevos Santa Reyes Gallina Feliz X18 Unds,18900,2024-02-23T22:55:53Z
382,Galleta Colombina Leche 216 G,5350,2024-02-23T22:55:12Z
383,Arroz Olimpica Excelso Bulto 23 Kg,88550,2024-02-23T22:53:59Z
384,Salsa Fruco Mostaza Doypack 200 G,7750,2024-02-23T23:02:18Z
385,"Leche Klim Bolsa Instantáneo Fortificada 1,2 Kg",55300,2024-02-23T23:04:30Z
386,Atún Zenú Lomo en Aceite Oliva 80 G X3 Unds,16250,2024-02-23T23:06:28Z
387,Galleta Tosh Tipo Sandwich Vainilla 144 G,8300,2024-02-23T23:02:07Z
388,"Arroz Mi Arroz Paca Económica 11,35 Kg X25 Unds",41750,2024-02-23T23:06:28Z
389,Panela Olimpica Pastilla 960 G X16 Unds,5700,2024-02-23T23:04:38Z
390,Huevos AAA Santa Reyes Gallina Feliz Rojos X32 Unds,32000,2024-02-23T23:01:33Z
391,Galleta Tosh Light Chocolate 144 G,8300,2024-02-23T23:02:07Z
392,Duraznos La Coruña En Mitades 820 G,16910,2024-02-23T23:06:28Z
393,Galleta Festival Vainilla 403 G,8150,2024-02-23T23:03:10Z
394,Maíz San Jorge Tierno 190 G X2 Unds,12850,2024-02-23T23:06:04Z
395,Huevos AAA Nápoles Rojos X12 Unds,10700,2024-02-23T23:06:10Z
396,Salsa Fruco Mostaza Doypack 200 G,7750,2024-02-23T23:02:18Z
397,"Leche Klim Bolsa Instantáneo Fortificada 1,2 Kg",55300,2024-02-23T23:04:30Z
398,Atún Zenú Lomo en Aceite Oliva 80 G X3 Unds,16250,2024-02-23T23:06:28Z
399,Galleta Tosh Tipo Sandwich Vainilla 144 G,8300,2024-02-23T23:02:07Z
400,"Arroz Mi Arroz Paca Económica 11,35 Kg X25 Unds",41750,2024-02-23T23:06:28Z
401,Panela Olimpica Pastilla 960 G X16 Unds,5700,2024-02-23T23:04:38Z
402,Huevos AAA Santa Reyes Gallina Feliz Rojos X32 Unds,32000,2024-02-23T23:01:33Z
403,Galleta Tosh Light Chocolate 144 G,8300,2024-02-23T23:02:07Z
404,Duraznos La Coruña En Mitades 820 G,16910,2024-02-23T23:06:28Z
405,Galleta Festival Vainilla 403 G,8150,2024-02-23T23:03:10Z
406,Maíz San Jorge Tierno 190 G X2 Unds,12850,2024-02-23T23:06:04Z
407,Huevos AAA Nápoles Rojos X12 Unds,10700,2024-02-23T23:06:10Z
408,Aceite de Oliva D Aguirre Extra Virgen 1 Lt,36000,2024-02-23T23:16:34Z
409,Arroz Diana 10 Kg,52400,2024-02-23T23:16:04Z
410,Aceite Diana Mezcla Vegetales Vit A-D 3000 ML,47700,2024-02-23T23:18:33Z
411,Cereal Kellogg&apos;s Corn Flake 500 G,16990,2024-02-23T23:15:35Z
412,Arroz Flor Huila 3 Kg,13350,2024-02-23T23:15:49Z
413,Huevos AA Santa Reyes Rojos X12 Unds,9950,2024-02-23T23:15:57Z
414,Galleta Cocosette Wafer 50 G X8 Unds,13600,2024-02-23T23:13:36Z
415,Salsa BBQ La Constancia 400 G,8250,2024-02-23T23:16:04Z
416,Aceite De Girasol Lágrimas Del Sol 900 ML,14990,2024-02-23T23:14:46Z
417,"Azúcar Riopaila Morena 2,5 Kg",11800,2024-02-23T23:17:40Z
418,Leche en Polvo El Rodeo con Hierro 750 G,25850,2024-02-23T23:18:33Z
419,Salsa de Tomate La Constancia 1000 G,12900,2024-02-23T23:18:33Z
420,Aceite de Oliva D Aguirre Extra Virgen 1 Lt,36000,2024-02-23T23:16:34Z
421,Arroz Diana 10 Kg,52400,2024-02-23T23:16:04Z
422,Aceite Diana Mezcla Vegetales Vit A-D 3000 ML,47700,2024-02-23T23:18:33Z
423,Cereal Kellogg&apos;s Corn Flake 500 G,16990,2024-02-23T23:15:35Z
424,Arroz Flor Huila 3 Kg,13350,2024-02-23T23:15:49Z
425,Huevos AA Santa Reyes Rojos X12 Unds,9950,2024-02-23T23:15:57Z
426,Galleta Cocosette Wafer 50 G X8 Unds,13600,2024-02-23T23:13:36Z
427,Salsa BBQ La Constancia 400 G,8250,2024-02-23T23:16:04Z
428,Aceite De Girasol Lágrimas Del Sol 900 ML,14990,2024-02-23T23:14:46Z
429,"Azúcar Riopaila Morena 2,5 Kg",11800,2024-02-23T23:17:40Z
430,Leche en Polvo El Rodeo con Hierro 750 G,25850,2024-02-23T23:18:33Z
431,Salsa de Tomate La Constancia 1000 G,12900,2024-02-23T23:18:33Z
432,Arroz Blanquita 10 Kg,44650,2024-02-23T23:16:05Z
433,Leche Condensada La Lechera® Lata 395 G,12590,2024-02-23T23:14:07Z
434,Miel de Abeja La Abeja Dorada 350 G,10990,2024-02-23T23:15:53Z
435,Maíz Dulce Zenú Tierno 241 G,6990,2024-02-23T23:16:26Z
436,Arroz Flor Huila 5 Kg,22250,2024-02-23T23:15:50Z
437,Panela Redonda 1 Kg X8 Unds,5900,2024-02-23T23:17:44Z
438,Sardina Van Camps en Salsa de Tomate 225 G,6350,2024-02-23T23:14:53Z
439,Salsa de Tomate Olimpica Doypack 1000 G,8990,2024-02-23T23:18:27Z
440,Crema De Leche Nestlé® Lata 295 G,11700,2024-02-23T23:18:39Z
441,Huevos B Oros Amarrado X30 Unds,17950,2024-02-23T23:16:32Z
442,Arroz Tailandés Integral 1 Kg,6550,2024-02-23T23:18:39Z
443,Crema De Leche Nestlé® Bolsa 186 G,6750,2024-02-23T23:18:39Z
444,Arroz Blanquita 10 Kg,44650,2024-02-23T23:16:05Z
445,Leche Condensada La Lechera® Lata 395 G,12590,2024-02-23T23:14:07Z
446,Miel de Abeja La Abeja Dorada 350 G,10990,2024-02-23T23:15:53Z
447,Maíz Dulce Zenú Tierno 241 G,6990,2024-02-23T23:16:26Z
448,Arroz Flor Huila 5 Kg,22250,2024-02-23T23:15:50Z
449,Panela Redonda 1 Kg X8 Unds,5900,2024-02-23T23:17:44Z
450,Sardina Van Camps en Salsa de Tomate 225 G,6350,2024-02-23T23:14:53Z
451,Salsa de Tomate Olimpica Doypack 1000 G,8990,2024-02-23T23:18:27Z
452,Crema De Leche Nestlé® Lata 295 G,11700,2024-02-23T23:18:39Z
453,Huevos B Oros Amarrado X30 Unds,17950,2024-02-23T23:16:32Z
454,Arroz Tailandés Integral 1 Kg,6550,2024-02-23T23:18:39Z
455,Crema De Leche Nestlé® Bolsa 186 G,6750,2024-02-23T23:18:39Z
456,Pasta Barilla #5 500 G,12650,2024-02-23T23:18:45Z
457,Panela El Trébol 1000 G X2 Unds,5590,2024-02-23T23:18:47Z
458,Avena Don Pacho en Hojuelas 1 Kg + Gratis 200 G,12150,2024-02-23T23:18:47Z
459,Arroz Roa 5 Kg,22250,2024-02-23T23:16:10Z
460,Caldo Gallina Maggi 264 G X24 Unds,12020,2024-02-23T23:16:13Z
461,Endulzante Incauca Zero Calorías Doypack 454 G,18165,2024-02-23T23:16:32Z
462,Garbanzo Olimpica 1 Kg,7700,2024-02-23T23:18:47Z
463,Aceite De Oliva D&apos; Aguirre Extra Virgen 500 ML,19990,2024-02-23T23:18:39Z
464,Arroz Diana Premium 4 Kg,26800,2024-02-23T23:18:47Z
465,Leche Condensada La Lechera® Bolsa 320 G,9070,2024-02-23T23:18:45Z
466,Galleta Saltín Noel Queso Mantequilla Taco 450 G X4 Unds,7900,2024-02-23T23:16:26Z
467,Azúcar La Económica 1 Kg,4600,2024-02-23T23:18:04Z
468,Pasta Barilla #5 500 G,12650,2024-02-23T23:18:45Z
469,Panela El Trébol 1000 G X2 Unds,5590,2024-02-23T23:18:47Z
470,Avena Don Pacho en Hojuelas 1 Kg + Gratis 200 G,12150,2024-02-23T23:18:47Z
471,Arroz Roa 5 Kg,22250,2024-02-23T23:16:10Z
472,Caldo Gallina Maggi 264 G X24 Unds,12020,2024-02-23T23:16:13Z
473,Endulzante Incauca Zero Calorías Doypack 454 G,18165,2024-02-23T23:16:32Z
474,Garbanzo Olimpica 1 Kg,7700,2024-02-23T23:18:47Z
475,Aceite De Oliva D&apos; Aguirre Extra Virgen 500 ML,19990,2024-02-23T23:18:39Z
476,Arroz Diana Premium 4 Kg,26800,2024-02-23T23:18:47Z
477,Leche Condensada La Lechera® Bolsa 320 G,9070,2024-02-23T23:18:45Z
478,Galleta Saltín Noel Queso Mantequilla Taco 450 G X4 Unds,7900,2024-02-23T23:16:26Z
479,Azúcar La Económica 1 Kg,4600,2024-02-23T23:18:04Z
480,Galleta Ritz Queso 204 G,7600,2024-02-23T23:00:13Z
481,Maizena La Original 380 G,15500,2024-02-23T23:05:59Z
482,Sardina Van Camps en Salsa de Tomate 425 G,10050,2024-02-23T23:06:45Z
483,Pasta Doria Lasaña Precocida 400 G,9990,2024-02-23T23:03:37Z
484,Huevos AA Santa Anita Rojos X24 Unds,16800,2024-02-23T23:03:15Z
485,Arroz Tailandés 1 Kg,6200,2024-02-23T23:06:45Z
486,Salsa Fruco Mayonesa Doypack 1000 G,19250,2024-02-23T23:03:18Z
487,Miel de Abeja Olimpica 350 G,8990,2024-02-23T23:03:50Z
488,Ciruela Pasa La Coruña sin Semilla 200 G,12320,2024-02-23T23:06:14Z
489,Galleta Festival Sabores Surtidos 50 G X12 Unds,12300,2024-02-23T23:06:45Z
490,Té Hindú Frutos Rojos 20 G,13050,2024-02-23T23:06:45Z
491,Arroz Roa 10 Kg,45000,2024-02-23T23:06:45Z
492,Galleta Ritz Queso 204 G,7600,2024-02-23T23:00:13Z
493,Maizena La Original 380 G,15500,2024-02-23T23:05:59Z
494,Sardina Van Camps en Salsa de Tomate 425 G,10050,2024-02-23T23:06:45Z
495,Pasta Doria Lasaña Precocida 400 G,9990,2024-02-23T23:03:37Z
496,Huevos AA Santa Anita Rojos X24 Unds,16800,2024-02-23T23:03:15Z
497,Arroz Tailandés 1 Kg,6200,2024-02-23T23:06:45Z
498,Salsa Fruco Mayonesa Doypack 1000 G,19250,2024-02-23T23:03:18Z
499,Miel de Abeja Olimpica 350 G,8990,2024-02-23T23:03:50Z
500,Ciruela Pasa La Coruña sin Semilla 200 G,12320,2024-02-23T23:06:14Z
501,Galleta Festival Sabores Surtidos 50 G X12 Unds,12300,2024-02-23T23:06:45Z
502,Té Hindú Frutos Rojos 20 G,13050,2024-02-23T23:06:45Z
503,Arroz Roa 10 Kg,45000,2024-02-23T23:06:45Z
504,Leche en Polvo Miramonte Entera 900 G,23600,2024-02-23T21:52:34Z
505,Frijol Olimpica Cargamanto Blanco 500 G,7780,2024-02-23T21:56:27Z
506,Galleta Tosh Bran Miel 270 G,7980,2024-02-23T21:56:27Z
507,Cereal Tosh Barra Yogurt Proteína 27 G X 6 Unds,10300,2024-02-23T21:56:27Z
508,Salsa Monticello Napolitana 400 G,13200,2024-02-23T21:56:27Z
509,Arroz Tailandés 500 G,3220,2024-02-23T21:54:40Z
510,Salsa La Constancia Mayonesa 1000 G,17850,2024-02-23T21:56:27Z
511,Salsa Fruco Mayonesa Doypack 600 G,14230,2024-02-23T21:56:27Z
512,Endulzante Splenda 50 G X50 Unds,11375,2024-02-23T21:52:42Z
513,Arroz Doñapepa 151 3 Kg,18750,2024-02-23T21:56:27Z
514,Piñas La Coruña En Rodajas 565 G,12100,2024-02-23T21:56:27Z
515,Huevos AA Olimpica Rojos X30 Unds,17950,2024-02-23T21:56:27Z
516,Leche en Polvo Miramonte Entera 900 G,23600,2024-02-23T21:52:34Z
517,Frijol Olimpica Cargamanto Blanco 500 G,7780,2024-02-23T21:56:27Z
518,Galleta Tosh Bran Miel 270 G,7980,2024-02-23T21:56:27Z
519,Cereal Tosh Barra Yogurt Proteína 27 G X 6 Unds,10300,2024-02-23T21:56:27Z
520,Salsa Monticello Napolitana 400 G,13200,2024-02-23T21:56:27Z
521,Arroz Tailandés 500 G,3220,2024-02-23T21:54:40Z
522,Salsa La Constancia Mayonesa 1000 G,17850,2024-02-23T21:56:27Z
523,Salsa Fruco Mayonesa Doypack 600 G,14230,2024-02-23T21:56:27Z
524,Endulzante Splenda 50 G X50 Unds,11375,2024-02-23T21:52:42Z
525,Arroz Doñapepa 151 3 Kg,18750,2024-02-23T21:56:27Z
526,Piñas La Coruña En Rodajas 565 G,12100,2024-02-23T21:56:27Z
527,Huevos AA Olimpica Rojos X30 Unds,17950,2024-02-23T21:56:27Z
528,Avena Molida Quaker Vainilla 300 G,8650,2024-02-23T23:14:12Z
529,Arroz Sabrosón Mini Bulto 10 Kg,46230,2024-02-23T23:19:07Z
530,Azúcar Incauca Blanca Extrafina Tubipack 1 Kg X200 Unds,6550,2024-02-23T23:14:56Z
531,Cereal Kellogg&apos;s Musli Cosecha Frutos Rojos 480 G,26700,2024-02-23T23:18:18Z
532,Endulzante Splenda 200 G X200 Unds,31395,2024-02-23T23:18:02Z
533,Galleta Noel Sultana 440 G,9200,2024-02-23T23:18:22Z
534,Huevos AAA Santa Anita Amarrado Blancos X30 Unds,19350,2024-02-23T23:16:25Z
535,Aceite de Mezcla Vegetal La Muñeca 2 Lt,24150,2024-02-23T23:19:07Z
536,Huevos AA Acondesa Rojos X45 Unds,29800,2024-02-23T23:16:32Z
537,Cereal Kellogg&apos;s Choco Krispis Chips 370 G,16500,2024-02-23T23:18:26Z
538,Arroz Flor Huila 10 Kg,44500,2024-02-23T23:15:51Z
539,Miel Syrup Aunt Jemina Original 355 ML,20950,2024-02-23T23:19:07Z
540,Avena Molida Quaker Vainilla 300 G,8650,2024-02-23T23:14:12Z
541,Arroz Sabrosón Mini Bulto 10 Kg,46230,2024-02-23T23:19:07Z
542,Azúcar Incauca Blanca Extrafina Tubipack 1 Kg X200 Unds,6550,2024-02-23T23:14:56Z
543,Cereal Kellogg&apos;s Musli Cosecha Frutos Rojos 480 G,26700,2024-02-23T23:18:18Z
544,Endulzante Splenda 200 G X200 Unds,31395,2024-02-23T23:18:02Z
545,Galleta Noel Sultana 440 G,9200,2024-02-23T23:18:22Z
546,Huevos AAA Santa Anita Amarrado Blancos X30 Unds,19350,2024-02-23T23:16:25Z
547,Aceite de Mezcla Vegetal La Muñeca 2 Lt,24150,2024-02-23T23:19:07Z
548,Huevos AA Acondesa Rojos X45 Unds,29800,2024-02-23T23:16:32Z
549,Cereal Kellogg&apos;s Choco Krispis Chips 370 G,16500,2024-02-23T23:18:26Z
550,Arroz Flor Huila 10 Kg,44500,2024-02-23T23:15:51Z
551,Miel Syrup Aunt Jemina Original 355 ML,20950,2024-02-23T23:19:07Z
552,Frijoles Zenú Antioqueño 580 G,11900,2024-02-23T22:58:36Z
553,Salsa La Coruña Soya 1000 G,10800,2024-02-23T22:58:36Z
554,Almendra Americana Al&apos;fresco 250 G,18250,2024-02-23T22:58:36Z
555,Granola Tosh Cereal Almendra 500 G,21750,2024-02-23T22:58:36Z
556,Piñas La Coruña En Trocitos 565 G,12100,2024-02-23T22:58:36Z
557,Frijol Olimpica Nima 1 Kg,12700,2024-02-23T22:54:09Z
558,Frijol Olimpica Rosado Riego Zaragoza 1 Kg,8690,2024-02-23T22:58:36Z
559,Endulzante Splenda 100 G,21350,2024-02-23T22:54:55Z
560,Huevos AA Jumbo Rojos X45 Unds,29900,2024-02-23T22:56:04Z
561,Granola Tosh Chocolate 300 G,15000,2024-02-23T22:58:36Z
562,Salsa Monticello Pesto Alla Genovese 190 G,16400,2024-02-23T22:58:36Z
563,Huevos A Oros Nutriavicola X30 Unds,19050,2024-02-23T22:56:04Z
564,Frijoles Zenú Antioqueño 580 G,11900,2024-02-23T22:58:36Z
565,Salsa La Coruña Soya 1000 G,10800,2024-02-23T22:58:36Z
566,Almendra Americana Al&apos;fresco 250 G,18250,2024-02-23T22:58:36Z
567,Granola Tosh Cereal Almendra 500 G,21750,2024-02-23T22:58:36Z
568,Piñas La Coruña En Trocitos 565 G,12100,2024-02-23T22:58:36Z
569,Frijol Olimpica Nima 1 Kg,12700,2024-02-23T22:54:09Z
570,Frijol Olimpica Rosado Riego Zaragoza 1 Kg,8690,2024-02-23T22:58:36Z
571,Endulzante Splenda 100 G,21350,2024-02-23T22:54:55Z
572,Huevos AA Jumbo Rojos X45 Unds,29900,2024-02-23T22:56:04Z
573,Granola Tosh Chocolate 300 G,15000,2024-02-23T22:58:36Z
574,Salsa Monticello Pesto Alla Genovese 190 G,16400,2024-02-23T22:58:36Z
575,Huevos A Oros Nutriavicola X30 Unds,19050,2024-02-23T22:56:04Z
576,"Azúcar Providencia Blanca 2,5 Kg",12380,2024-02-23T23:15:47Z
577,Ciruela Pasa El Nogal sin Semilla 400 G,27950,2024-02-23T23:17:59Z
578,Arroz Doñapepa 153 5 Kg,31250,2024-02-23T23:19:18Z
579,Huevos AA Santa Anita Amarrado Blancos X30 Unds,18550,2024-02-23T23:16:32Z
580,Arroz Mi Arroz Mini Bulto 10 Kg,42520,2024-02-23T23:19:09Z
581,Miel De Abeja La Abeja Dorada 1000 G,28950,2024-02-23T23:19:20Z
582,Huevos AA Kosher Rojos X30 Unds,26950,2024-02-23T23:16:13Z
583,Arroz Diana 5 Kg,23250,2024-02-23T23:16:10Z
584,Huevos B Santa Anita Amarrado Rojos X30 Unds,14950,2024-02-23T23:16:32Z
585,Huevos AA Santa Anita Rojos Amarrado X30 Unds,16800,2024-02-23T23:16:32Z
586,AZUCAR MANUELITA POLIET 500 g,2350,2024-02-23T23:19:21Z
587,Granola Tosh Artesanal Semillas Chia 300 G,9750,2024-02-23T23:19:20Z
588,"Azúcar Providencia Blanca 2,5 Kg",12380,2024-02-23T23:15:47Z
589,Ciruela Pasa El Nogal sin Semilla 400 G,27950,2024-02-23T23:17:59Z
590,Arroz Doñapepa 153 5 Kg,31250,2024-02-23T23:19:18Z
591,Huevos AA Santa Anita Amarrado Blancos X30 Unds,18550,2024-02-23T23:16:32Z
592,Arroz Mi Arroz Mini Bulto 10 Kg,42520,2024-02-23T23:19:09Z
593,Miel De Abeja La Abeja Dorada 1000 G,28950,2024-02-23T23:19:20Z
594,Huevos AA Kosher Rojos X30 Unds,26950,2024-02-23T23:16:13Z
595,Arroz Diana 5 Kg,23250,2024-02-23T23:16:10Z
596,Huevos B Santa Anita Amarrado Rojos X30 Unds,14950,2024-02-23T23:16:32Z
597,Huevos AA Santa Anita Rojos Amarrado X30 Unds,16800,2024-02-23T23:16:32Z
598,AZUCAR MANUELITA POLIET 500 g,2350,2024-02-23T23:19:21Z
599,Granola Tosh Artesanal Semillas Chia 300 G,9750,2024-02-23T23:19:20Z
600,Caldo Gallina Maggi Tarro 528 G X48 Unds,21600,2024-02-23T22:58:50Z
601,Pasta Doria Cabello de Ángel 250 G,2000,2024-02-23T22:58:50Z
602,Huevos A Anaquel Rojos X30 Unds,17500,2024-02-23T22:58:50Z
603,"Galleta Tosh Yogurt y Fresas 148,8 G X6 Unds",8300,2024-02-23T22:57:05Z
604,Avena Don Pancho en Hojuelas 600 G Extra Contenido,6400,2024-02-23T22:58:50Z
605,Garbanzo La Coruña 600 G,7060,2024-02-23T22:58:50Z
606,Cereal Fitness Frutas 540 G,29200,2024-02-23T22:58:50Z
607,Claras De Huevo Santa Reyes Pasteurizadas 1 Lt X 30 Unds,28500,2024-02-23T22:58:50Z
608,Panela La Grancolombia 2 Kg,8950,2024-02-23T22:55:01Z
609,GALLETA COLOMBINA BSA FELIZ NAV 200g,4550,2024-02-23T22:58:50Z
610,Arroz Chicamocha 10 Kg,41500,2024-02-23T22:58:50Z
611,Salsa De Soya Kikkoman Menos Sodio 296 Ml,20400,2024-02-23T22:58:50Z
612,Caldo Gallina Maggi Tarro 528 G X48 Unds,21600,2024-02-23T22:58:50Z
613,Pasta Doria Cabello de Ángel 250 G,2000,2024-02-23T22:58:50Z
614,Huevos A Anaquel Rojos X30 Unds,17500,2024-02-23T22:58:50Z
615,"Galleta Tosh Yogurt y Fresas 148,8 G X6 Unds",8300,2024-02-23T22:57:05Z
616,Avena Don Pancho en Hojuelas 600 G Extra Contenido,6400,2024-02-23T22:58:50Z
617,Garbanzo La Coruña 600 G,7060,2024-02-23T22:58:50Z
618,Cereal Fitness Frutas 540 G,29200,2024-02-23T22:58:50Z
619,Claras De Huevo Santa Reyes Pasteurizadas 1 Lt X 30 Unds,28500,2024-02-23T22:58:50Z
620,Panela La Grancolombia 2 Kg,8950,2024-02-23T22:55:01Z
621,GALLETA COLOMBINA BSA FELIZ NAV 200g,4550,2024-02-23T22:58:50Z
622,Arroz Chicamocha 10 Kg,41500,2024-02-23T22:58:50Z
623,Salsa De Soya Kikkoman Menos Sodio 296 Ml,20400,2024-02-23T22:58:50Z
624,Cereal Kellogg&apos;s Choco Krispis 630 G,24500,2024-02-23T23:07:35Z
625,Aceite Medalla Oro Mezcla 3 Lts,30990,2024-02-23T23:07:35Z
626,Huevos AA Oros Nutriavicola Amarrado X30 Unds,19790,2024-02-23T23:04:04Z
627,Arroz Flor Huila Integral 1 Kg,6500,2024-02-23T23:07:35Z
628,Arroz Medalla De Oro 500 G,2010,2024-02-23T23:04:27Z
629,Azúcar Riopaila Stickpack 975 G,6350,2024-02-23T23:02:40Z
630,Caldo Ricostilla Desmenuzado 108 G 12X10 Unds Oferta,4650,2024-02-23T23:05:48Z
631,Huevos AA Oros Nutriavicola Rojos X30 Unds,25290,2024-02-23T23:07:35Z
632,Galleta Saltinas Mantequilla 570 G Oferta,9550,2024-02-23T23:07:35Z
633,Atún Medalla de Oro Rallado en Aceite 170 G,3190,2024-02-23T23:07:35Z
634,Palmitos Corpocampo Entero En Conserva Orgánicos 330 G,13590,2024-02-23T23:06:19Z
635,Arroz Olimpica Rojo Mini Bulto 10 Kg,35900,2024-02-23T23:04:14Z
636,Cereal Kellogg&apos;s Choco Krispis 630 G,24500,2024-02-23T23:07:35Z
637,Aceite Medalla Oro Mezcla 3 Lts,30990,2024-02-23T23:07:35Z
638,Huevos AA Oros Nutriavicola Amarrado X30 Unds,19790,2024-02-23T23:04:04Z
639,Arroz Flor Huila Integral 1 Kg,6500,2024-02-23T23:07:35Z
640,Arroz Medalla De Oro 500 G,2010,2024-02-23T23:04:27Z
641,Azúcar Riopaila Stickpack 975 G,6350,2024-02-23T23:02:40Z
642,Caldo Ricostilla Desmenuzado 108 G 12X10 Unds Oferta,4650,2024-02-23T23:05:48Z
643,Huevos AA Oros Nutriavicola Rojos X30 Unds,25290,2024-02-23T23:07:35Z
644,Galleta Saltinas Mantequilla 570 G Oferta,9550,2024-02-23T23:07:35Z
645,Atún Medalla de Oro Rallado en Aceite 170 G,3190,2024-02-23T23:07:35Z
646,Palmitos Corpocampo Entero En Conserva Orgánicos 330 G,13590,2024-02-23T23:06:19Z
647,Arroz Olimpica Rojo Mini Bulto 10 Kg,35900,2024-02-23T23:04:14Z
648,Salsa La Constancia con Mostaza 200 G,5500,2024-02-23T23:07:16Z
649,Te Hindú Descanso Natural 20 G X20 Unds,9800,2024-02-23T23:07:42Z
650,Galleta Tosh Waffer Multicereal Cacao 180 G,9400,2024-02-23T23:05:49Z
651,Galleta Saltín Noel Integral Doble Fibra 216 G X9 Unds,4900,2024-02-23T23:07:42Z
652,Caldo Costilla Ricostilla 126 G,5650,2024-02-23T23:07:42Z
653,Trigo Al&apos;fresco Americano #1 Importado 500 G,11600,2024-02-23T23:07:42Z
654,Sal Refisal Marina 800 G,5200,2024-02-23T23:05:53Z
655,Crema De Leche Alpina Semientera 200 ML,4900,2024-02-23T23:07:42Z
656,Té Verde Hindú Sabores Surtido 65 G X50 Unds,25400,2024-02-23T23:02:48Z
657,Salsa Fruco Mayonesa Artesanal 440 G,21450,2024-02-23T23:07:42Z
658,Panela Olimpica Cuadrada 225 G,1150,2024-02-23T23:06:03Z
659,Arroz Doña Pepa 1000 G,6700,2024-02-23T23:07:42Z
660,Salsa La Constancia con Mostaza 200 G,5500,2024-02-23T23:07:16Z
661,Te Hindú Descanso Natural 20 G X20 Unds,9800,2024-02-23T23:07:42Z
662,Galleta Tosh Waffer Multicereal Cacao 180 G,9400,2024-02-23T23:05:49Z
663,Galleta Saltín Noel Integral Doble Fibra 216 G X9 Unds,4900,2024-02-23T23:07:42Z
664,Caldo Costilla Ricostilla 126 G,5650,2024-02-23T23:07:42Z
665,Trigo Al&apos;fresco Americano #1 Importado 500 G,11600,2024-02-23T23:07:42Z
666,Sal Refisal Marina 800 G,5200,2024-02-23T23:05:53Z
667,Crema De Leche Alpina Semientera 200 ML,4900,2024-02-23T23:07:42Z
668,Té Verde Hindú Sabores Surtido 65 G X50 Unds,25400,2024-02-23T23:02:48Z
669,Salsa Fruco Mayonesa Artesanal 440 G,21450,2024-02-23T23:07:42Z
670,Panela Olimpica Cuadrada 225 G,1150,2024-02-23T23:06:03Z
671,Arroz Doña Pepa 1000 G,6700,2024-02-23T23:07:42Z
672,Cóctel De Frutas La Coruña 820 G,19700,2024-02-23T23:07:48Z
673,Caldo Gallina Rico 132 G X12 Unds,5500,2024-02-23T23:07:48Z
674,Maíz Dulce Zenú 241 G X2 Unds Oferta,13050,2024-02-23T23:07:03Z
675,GALLETA TOSH MIEL FIT 243g,7200,2024-02-23T23:06:08Z
676,Galleta Ducales Tacos 294 G X2 Unds,6920,2024-02-23T23:07:48Z
677,Atún Zenú Lomo en Agua 80 G x3 Unds,16200,2024-02-23T23:07:48Z
678,Frijol Olimpica Cargamanto Rojo 1 Kg,17800,2024-02-23T23:07:48Z
679,Pasta Monticello Integral 500 G,8950,2024-02-23T23:07:48Z
680,Salsa Fruco Negra 155 ML,5500,2024-02-23T23:07:48Z
681,Caldo Gallina Maggi 88 G X8 Unds,3990,2024-02-23T23:06:10Z
682,Pasta de Tomate Fruco Doypack 200 G,6750,2024-02-23T23:05:25Z
683,VINAGRE COLSAZON BLANCO 3000 ML,5500,2024-02-23T23:07:48Z
684,Cóctel De Frutas La Coruña 820 G,19700,2024-02-23T23:07:48Z
685,Caldo Gallina Rico 132 G X12 Unds,5500,2024-02-23T23:07:48Z
686,Maíz Dulce Zenú 241 G X2 Unds Oferta,13050,2024-02-23T23:07:03Z
687,GALLETA TOSH MIEL FIT 243g,7200,2024-02-23T23:06:08Z
688,Galleta Ducales Tacos 294 G X2 Unds,6920,2024-02-23T23:07:48Z
689,Atún Zenú Lomo en Agua 80 G x3 Unds,16200,2024-02-23T23:07:48Z
690,Frijol Olimpica Cargamanto Rojo 1 Kg,17800,2024-02-23T23:07:48Z
691,Pasta Monticello Integral 500 G,8950,2024-02-23T23:07:48Z
692,Salsa Fruco Negra 155 ML,5500,2024-02-23T23:07:48Z
693,Caldo Gallina Maggi 88 G X8 Unds,3990,2024-02-23T23:06:10Z
694,Pasta de Tomate Fruco Doypack 200 G,6750,2024-02-23T23:05:25Z
695,VINAGRE COLSAZON BLANCO 3000 ML,5500,2024-02-23T23:07:48Z
696,Pasta De Tomate Al&apos;fresco Doypack 200 G,2990,2024-02-23T23:19:41Z
697,Pasta Comarrico 1 Kg,5990,2024-02-23T23:18:27Z
698,Panela El Trapiche en Polvo 500 G,3900,2024-02-23T23:19:53Z
699,Panela Medalla de Oro 750 G,3750,2024-02-23T23:16:41Z
700,Quinua Colombina Entera Grano 300 G,11350,2024-02-23T23:18:31Z
701,Panela Olimpica 1 Kg,5250,2024-02-23T23:16:51Z
702,Crema de Leche Alpina Semientera 1100 Ml,19800,2024-02-23T23:19:54Z
703,Pasta Doria Fideo 500 G,3990,2024-02-23T23:15:48Z
704,Lenteja a Granel,7150,2024-02-23T23:19:54Z
705,Galleta Gullón Sándwich Crema De Chocolate Sin Azúcar  250 G,8260,2024-02-23T23:19:54Z
706,GALLETA COLOMBINA STDA NAV 200 g,6900,2024-02-23T23:18:43Z
707,Salsa Medalla de Oro Soya 190 G,2050,2024-02-23T23:19:18Z
708,Pasta De Tomate Al&apos;fresco Doypack 200 G,2990,2024-02-23T23:19:41Z
709,Pasta Comarrico 1 Kg,5990,2024-02-23T23:18:27Z
710,Panela El Trapiche en Polvo 500 G,3900,2024-02-23T23:19:53Z
711,Panela Medalla de Oro 750 G,3750,2024-02-23T23:16:41Z
712,Quinua Colombina Entera Grano 300 G,11350,2024-02-23T23:18:31Z
713,Panela Olimpica 1 Kg,5250,2024-02-23T23:16:51Z
714,Crema de Leche Alpina Semientera 1100 Ml,19800,2024-02-23T23:19:54Z
715,Pasta Doria Fideo 500 G,3990,2024-02-23T23:15:48Z
716,Lenteja a Granel,7150,2024-02-23T23:19:54Z
717,Galleta Gullón Sándwich Crema De Chocolate Sin Azúcar  250 G,8260,2024-02-23T23:19:54Z
718,GALLETA COLOMBINA STDA NAV 200 g,6900,2024-02-23T23:18:43Z
719,Salsa Medalla de Oro Soya 190 G,2050,2024-02-23T23:19:18Z
720,Almidón De Yuca Maízena 300 G,10300,2024-02-23T23:19:59Z
721,Aceitunas La Coruña Deshuesadas 250 G,6150,2024-02-23T23:15:29Z
722,Canela El Rey Pura Molida 30 G,5100,2024-02-23T23:18:30Z
723,Granola Toning  Econopack 1000 G,16000,2024-02-23T23:19:59Z
724,Maíz Royal Garden Tierno 425 G,5950,2024-02-23T23:17:11Z
725,Salsa Mayonesa Fruco Light Duopack 180 G,9850,2024-02-23T23:17:31Z
726,Sopa Instantánea Ajinomen Fideo Carne 80 G,2900,2024-02-23T23:19:59Z
727,Frijoles Zenú Antioqueño 310 G,7500,2024-02-23T23:19:41Z
728,Galleta María Gullón Sin Azúcar 400 G,10465,2024-02-23T23:19:59Z
729,Aceite de Oliva Carbonel Extra Virgen 500 ML,36300,2024-02-23T23:15:37Z
730,Miel De Abeja Lok Natural 500 G,29850,2024-02-23T23:19:59Z
731,Aceite de Canola Pam Spray Original 170 G,33050,2024-02-23T23:19:59Z
732,Almidón De Yuca Maízena 300 G,10300,2024-02-23T23:19:59Z
733,Aceitunas La Coruña Deshuesadas 250 G,6150,2024-02-23T23:15:29Z
734,Canela El Rey Pura Molida 30 G,5100,2024-02-23T23:18:30Z
735,Granola Toning  Econopack 1000 G,16000,2024-02-23T23:19:59Z
736,Maíz Royal Garden Tierno 425 G,5950,2024-02-23T23:17:11Z
737,Salsa Mayonesa Fruco Light Duopack 180 G,9850,2024-02-23T23:17:31Z
738,Sopa Instantánea Ajinomen Fideo Carne 80 G,2900,2024-02-23T23:19:59Z
739,Frijoles Zenú Antioqueño 310 G,7500,2024-02-23T23:19:41Z
740,Galleta María Gullón Sin Azúcar 400 G,10465,2024-02-23T23:19:59Z
741,Aceite de Oliva Carbonel Extra Virgen 500 ML,36300,2024-02-23T23:15:37Z
742,Miel De Abeja Lok Natural 500 G,29850,2024-02-23T23:19:59Z
743,Aceite de Canola Pam Spray Original 170 G,33050,2024-02-23T23:19:59Z
744,Mostaza Maille A La Antigua 210 G,13500,2024-02-23T23:08:05Z
745,Harina De Trigo Haz De Oros Tradicional 1 Kg,6050,2024-02-23T23:07:26Z
746,Maizena La Original 720 G,21700,2024-02-23T23:08:05Z
747,Atún Van Camps con Vegetales 150 G X2 Unds,18300,2024-02-23T23:07:37Z
748,Galleta Ducales Tentación 8208 GGalleta Ducales Tentación 208 G X8 Unds,6500,2024-02-23T23:08:05Z
749,Azúcar Providencia Orgánica 850 G,5200,2024-02-23T23:08:05Z
750,Arroz Diana Premium 500 G,3670,2024-02-23T23:04:31Z
751,Arroz Doñapepa 151 3 Kg,24470,2024-02-23T23:08:05Z
752,Crema De Leche Alpina Semientera 200 ML,4900,2024-02-23T23:08:05Z
753,"Panela La Nocaimera Panelón 1,9 Kg",11200,2024-02-23T23:05:45Z
754,Panela San Felipe 4 Kg X4 Unds,17100,2024-02-23T23:06:17Z
755,Chile Zenú con Carne 440 G,14100,2024-02-23T23:08:05Z
756,Mostaza Maille A La Antigua 210 G,13500,2024-02-23T23:08:05Z
757,Harina De Trigo Haz De Oros Tradicional 1 Kg,6050,2024-02-23T23:07:26Z
758,Maizena La Original 720 G,21700,2024-02-23T23:08:05Z
759,Atún Van Camps con Vegetales 150 G X2 Unds,18300,2024-02-23T23:07:37Z
760,Galleta Ducales Tentación 8208 GGalleta Ducales Tentación 208 G X8 Unds,6500,2024-02-23T23:08:05Z
761,Azúcar Providencia Orgánica 850 G,5200,2024-02-23T23:08:05Z
762,Arroz Diana Premium 500 G,3670,2024-02-23T23:04:31Z
763,Arroz Doñapepa 151 3 Kg,24470,2024-02-23T23:08:05Z
764,Crema De Leche Alpina Semientera 200 ML,4900,2024-02-23T23:08:05Z
765,"Panela La Nocaimera Panelón 1,9 Kg",11200,2024-02-23T23:05:45Z
766,Panela San Felipe 4 Kg X4 Unds,17100,2024-02-23T23:06:17Z
767,Chile Zenú con Carne 440 G,14100,2024-02-23T23:08:05Z
768,Aromática Instantánea Hindú Frutos Surtido 156 G X50 Unds,9150,2024-02-23T22:59:31Z
769,Huevos AAA Santa Anita Rojos X12 Unds,10150,2024-02-23T22:59:31Z
770,Crema de Leche Uht Alquería Deslactosada 200 G,4150,2024-02-23T22:55:26Z
771,Salsa Medalla de Oro Negra 190 G,1750,2024-02-23T22:55:36Z
772,Arveja Zenú 300 G,4400,2024-02-23T22:56:49Z
773,Salsa San Jorge Mayonesa Doypack 1000 G Precio Especial,15600,2024-02-23T22:59:31Z
774,Azúcar Riopaila Morena 1 Kg,4550,2024-02-23T22:55:02Z
775,Vinagre Golden Manzana 500 ML,8540,2024-02-23T22:59:31Z
776,Salchicha Rica Rondo Viena Tripack Res 450 G,11200,2024-02-23T22:59:31Z
777,"Azúcar Incauca Morena 2,5 Kg",12100,2024-02-23T22:59:31Z
778,Pastas Conzazoni Spaghetti #12 X 500 G,8600,2024-02-23T22:59:31Z
779,Cereal Nestlé Milo 500 G,22400,2024-02-23T22:59:31Z
780,Aromática Instantánea Hindú Frutos Surtido 156 G X50 Unds,9150,2024-02-23T22:59:31Z
781,Huevos AAA Santa Anita Rojos X12 Unds,10150,2024-02-23T22:59:31Z
782,Crema de Leche Uht Alquería Deslactosada 200 G,4150,2024-02-23T22:55:26Z
783,Salsa Medalla de Oro Negra 190 G,1750,2024-02-23T22:55:36Z
784,Arveja Zenú 300 G,4400,2024-02-23T22:56:49Z
785,Salsa San Jorge Mayonesa Doypack 1000 G Precio Especial,15600,2024-02-23T22:59:31Z
786,Azúcar Riopaila Morena 1 Kg,4550,2024-02-23T22:55:02Z
787,Vinagre Golden Manzana 500 ML,8540,2024-02-23T22:59:31Z
788,Salchicha Rica Rondo Viena Tripack Res 450 G,11200,2024-02-23T22:59:31Z
789,"Azúcar Incauca Morena 2,5 Kg",12100,2024-02-23T22:59:31Z
790,Pastas Conzazoni Spaghetti #12 X 500 G,8600,2024-02-23T22:59:31Z
791,Cereal Nestlé Milo 500 G,22400,2024-02-23T22:59:31Z
792,Alga Shiosai Best Choice Deshidratada Para Sushi 28 G X50 Hojas,17850,2024-02-23T23:17:21Z
793,Vinagre Medalla De Oro Blanco 500 ML,1790,2024-02-23T23:20:25Z
794,Galleta Oreo Chocolate 432 G,10250,2024-02-23T23:17:40Z
795,Cereal Kellogg&apos;s Froot Loops 450 G,23000,2024-02-23T23:16:02Z
796,Azúcar Riopaila Blanca 5 Kg,22500,2024-02-23T23:15:53Z
797,Arvejas San Jorge con Zanahoria Duo Pack 180 G,8440,2024-02-23T23:18:20Z
798,Huevos AAA Santa Anita Rojos X15 Unds,10990,2024-02-23T23:15:45Z
799,Pasta Spaguetti Doria sin Gluten 250 G,7550,2024-02-23T23:18:27Z
800,Arroz Sabrosón 500 G,2240,2024-02-23T23:20:25Z
801,Pasta La Muñeca Spaguetti Para 8 Personas 500 G,3290,2024-02-23T23:15:52Z
802,Galleta Saltín Noel Rojo Taco 433 G X4 Unds,4890,2024-02-23T23:20:25Z
803,Carne Zenú Diablo 80 G,6750,2024-02-23T23:20:25Z
804,Alga Shiosai Best Choice Deshidratada Para Sushi 28 G X50 Hojas,17850,2024-02-23T23:17:21Z
805,Vinagre Medalla De Oro Blanco 500 ML,1790,2024-02-23T23:20:25Z
806,Galleta Oreo Chocolate 432 G,10250,2024-02-23T23:17:40Z
807,Cereal Kellogg&apos;s Froot Loops 450 G,23000,2024-02-23T23:16:02Z
808,Azúcar Riopaila Blanca 5 Kg,22500,2024-02-23T23:15:53Z
809,Arvejas San Jorge con Zanahoria Duo Pack 180 G,8440,2024-02-23T23:18:20Z
810,Huevos AAA Santa Anita Rojos X15 Unds,10990,2024-02-23T23:15:45Z
811,Pasta Spaguetti Doria sin Gluten 250 G,7550,2024-02-23T23:18:27Z
812,Arroz Sabrosón 500 G,2240,2024-02-23T23:20:25Z
813,Pasta La Muñeca Spaguetti Para 8 Personas 500 G,3290,2024-02-23T23:15:52Z
814,Galleta Saltín Noel Rojo Taco 433 G X4 Unds,4890,2024-02-23T23:20:25Z
815,Carne Zenú Diablo 80 G,6750,2024-02-23T23:20:25Z
816,Té Negro Hindú Premium Chai 32 G X20 Unds,11850,2024-02-23T23:08:21Z
817,Huevos Premium Olimpica Rojos Extra X12 Unds,10100,2024-02-23T23:08:21Z
818,"Arroz Roa Diez 2,5 Kg",15250,2024-02-23T23:08:21Z
819,Avena Quaker Doy Pack Ziper en Hojuelas 350 G,8450,2024-02-23T23:08:21Z
820,Bebida Glucerna Vainilla 237 Ml X6 Unds Precio Especial,57600,2024-02-23T23:08:21Z
821,Arroz Medalla De Oro 1 Kg,4150,2024-02-23T23:08:21Z
822,Pasta Conzazoni Lasagna Precocida 400 G,17600,2024-02-23T23:08:21Z
823,Aceite Gourmet Frito Expert 1800 ML,31650,2024-02-23T23:08:21Z
824,Pasta Monticello Vermicelli 1 Kg,12530,2024-02-23T23:05:35Z
825,CANELA EL REY EXTRA LARGA 30g,6470,2024-02-23T23:07:39Z
826,"Azúcar Mayagüez Morena 2,5 Kg",12350,2024-02-23T23:08:21Z
827,Té Verde Hindú 26 G X20 Unds,11950,2024-02-23T23:08:21Z
828,Té Negro Hindú Premium Chai 32 G X20 Unds,11850,2024-02-23T23:08:21Z
829,Huevos Premium Olimpica Rojos Extra X12 Unds,10100,2024-02-23T23:08:21Z
830,"Arroz Roa Diez 2,5 Kg",15250,2024-02-23T23:08:21Z
831,Avena Quaker Doy Pack Ziper en Hojuelas 350 G,8450,2024-02-23T23:08:21Z
832,Bebida Glucerna Vainilla 237 Ml X6 Unds Precio Especial,57600,2024-02-23T23:08:21Z
833,Arroz Medalla De Oro 1 Kg,4150,2024-02-23T23:08:21Z
834,Pasta Conzazoni Lasagna Precocida 400 G,17600,2024-02-23T23:08:21Z
835,Aceite Gourmet Frito Expert 1800 ML,31650,2024-02-23T23:08:21Z
836,Pasta Monticello Vermicelli 1 Kg,12530,2024-02-23T23:05:35Z
837,CANELA EL REY EXTRA LARGA 30g,6470,2024-02-23T23:07:39Z
838,"Azúcar Mayagüez Morena 2,5 Kg",12350,2024-02-23T23:08:21Z
839,Té Verde Hindú 26 G X20 Unds,11950,2024-02-23T23:08:21Z
840,Harina de Maíz Dulce Pan 500 G,5350,2024-02-23T23:20:11Z
841,Kola Granulada Tarrito Rojo  Tradicional x 330 g,19990,2024-02-23T23:20:38Z
842,Avena Molida Quaker 400 G,4900,2024-02-23T23:20:38Z
843,Salsa Maggi Pasta Bechamel 50 G,3550,2024-02-23T23:16:34Z
844,Sopa Instantánea Ajinomen Fideo Costilla de Res 80 G,2900,2024-02-23T23:18:27Z
845,Sal Olimpica Marina 1 Kg,1550,2024-02-23T23:20:30Z
846,Cereal Kellogg&apos;s Froots Loops 210 G,9990,2024-02-23T23:16:02Z
847,Galleta Tosh Fusión Cereal Taco 382 G X2 Unds,8560,2024-02-23T23:17:10Z
848,Aceite Olimpica Girasol 1800 ML,23990,2024-02-23T23:20:38Z
849,Cereal Kellogg&apos;s Zucaritas 215 G,8990,2024-02-23T23:18:12Z
850,Nuez del Brasil Nogal Sin Conservante 250 G,20950,2024-02-23T23:16:27Z
851,Galleta Dux Integral 250 G,4700,2024-02-23T23:17:32Z
852,Harina de Maíz Dulce Pan 500 G,5350,2024-02-23T23:20:11Z
853,Kola Granulada Tarrito Rojo  Tradicional x 330 g,19990,2024-02-23T23:20:38Z
854,Avena Molida Quaker 400 G,4900,2024-02-23T23:20:38Z
855,Salsa Maggi Pasta Bechamel 50 G,3550,2024-02-23T23:16:34Z
856,Sopa Instantánea Ajinomen Fideo Costilla de Res 80 G,2900,2024-02-23T23:18:27Z
857,Sal Olimpica Marina 1 Kg,1550,2024-02-23T23:20:30Z
858,Cereal Kellogg&apos;s Froots Loops 210 G,9990,2024-02-23T23:16:02Z
859,Galleta Tosh Fusión Cereal Taco 382 G X2 Unds,8560,2024-02-23T23:17:10Z
860,Aceite Olimpica Girasol 1800 ML,23990,2024-02-23T23:20:38Z
861,Cereal Kellogg&apos;s Zucaritas 215 G,8990,2024-02-23T23:18:12Z
862,Nuez del Brasil Nogal Sin Conservante 250 G,20950,2024-02-23T23:16:27Z
863,Galleta Dux Integral 250 G,4700,2024-02-23T23:17:32Z
864,Pasta Barilla Collezione Lasagne 500 G,28850,2024-02-23T23:18:44Z
865,Huevos AAA Oros Nutriavicola Amarrado X30 Unds,22650,2024-02-23T23:16:47Z
866,GALLETA COLOMBINA NAVIDEÑA MOD 200g,7100,2024-02-23T23:20:45Z
867,Pasta Nº13 Barilla Bavette 500 G,12350,2024-02-23T23:18:46Z
868,SAL REFISAL LIGHT DOYPACK 500g,7664,2024-02-23T23:20:45Z
869,Aceite de Soya Olimpica 900 ML,13980,2024-02-23T23:20:45Z
870,Aromática Jaibel Surtida 15 G X20 Unds,4800,2024-02-23T23:20:09Z
871,Galleta Tosh Wafer Yogurt Fresa y Acaí 162 G,8950,2024-02-23T23:20:45Z
872,Cereal Kellogg&apos;s Choco Krispis 410 G,17420,2024-02-23T23:16:02Z
873,Panela La Palestina X8 Unds,6570,2024-02-23T23:19:59Z
874,Granola Tosh Cereal Fresa 500 G,21550,2024-02-23T23:20:45Z
875,Bebida Glucerna Vainilla 237 Ml,9600,2024-02-23T23:18:22Z
876,Pasta Barilla Collezione Lasagne 500 G,28850,2024-02-23T23:18:44Z
877,Huevos AAA Oros Nutriavicola Amarrado X30 Unds,22650,2024-02-23T23:16:47Z
878,GALLETA COLOMBINA NAVIDEÑA MOD 200g,7100,2024-02-23T23:20:45Z
879,Pasta Nº13 Barilla Bavette 500 G,12350,2024-02-23T23:18:46Z
880,SAL REFISAL LIGHT DOYPACK 500g,7664,2024-02-23T23:20:45Z
881,Aceite de Soya Olimpica 900 ML,13980,2024-02-23T23:20:45Z
882,Aromática Jaibel Surtida 15 G X20 Unds,4800,2024-02-23T23:20:09Z
883,Galleta Tosh Wafer Yogurt Fresa y Acaí 162 G,8950,2024-02-23T23:20:45Z
884,Cereal Kellogg&apos;s Choco Krispis 410 G,17420,2024-02-23T23:16:02Z
885,Panela La Palestina X8 Unds,6570,2024-02-23T23:19:59Z
886,Granola Tosh Cereal Fresa 500 G,21550,2024-02-23T23:20:45Z
887,Bebida Glucerna Vainilla 237 Ml,9600,2024-02-23T23:18:22Z
888,Endulzante Incauca Zero Calorías 160 G X80 Unds,11935,2024-02-23T23:00:02Z
889,Alimento Lácteo El Rodeo Nutririnde 810 G,30950,2024-02-23T22:58:10Z
890,Vinagre Monticello Balsámico 250 ML,16650,2024-02-23T23:00:02Z
891,Concha Azteca para Taco 145 G,18350,2024-02-23T23:00:02Z
892,Aceite con Oliva Olivetto Para Freír 2000 ML,49350,2024-02-23T23:00:02Z
893,Arequipe Alpina 220 G + 12 Galletas De Obleas Oferta,20400,2024-02-23T22:58:00Z
894,Azúcar Incauca Blanca 5 Kg,25400,2024-02-23T23:00:02Z
895,Arroz Roa Integral 1 Kg,6500,2024-02-23T23:00:02Z
896,ARROZ TAILANDES PARBOLIZADO 3 KG,14640,2024-02-23T22:55:30Z
897,Aceite Gourmet Canola 1800 ML,51950,2024-02-23T22:57:18Z
898,ALIM LIQ ENSURE ADVANC VLLA 220ML 8X6 OF,49950,2024-02-23T23:00:02Z
899,Galleta Ducales 243 G X9 Unds,4990,2024-02-23T23:00:02Z
900,Endulzante Incauca Zero Calorías 160 G X80 Unds,11935,2024-02-23T23:00:02Z
901,Alimento Lácteo El Rodeo Nutririnde 810 G,30950,2024-02-23T22:58:10Z
902,Vinagre Monticello Balsámico 250 ML,16650,2024-02-23T23:00:02Z
903,Concha Azteca para Taco 145 G,18350,2024-02-23T23:00:02Z
904,Aceite con Oliva Olivetto Para Freír 2000 ML,49350,2024-02-23T23:00:02Z
905,Arequipe Alpina 220 G + 12 Galletas De Obleas Oferta,20400,2024-02-23T22:58:00Z
906,Azúcar Incauca Blanca 5 Kg,25400,2024-02-23T23:00:02Z
907,Arroz Roa Integral 1 Kg,6500,2024-02-23T23:00:02Z
908,ARROZ TAILANDES PARBOLIZADO 3 KG,14640,2024-02-23T22:55:30Z
909,Aceite Gourmet Canola 1800 ML,51950,2024-02-23T22:57:18Z
910,ALIM LIQ ENSURE ADVANC VLLA 220ML 8X6 OF,49950,2024-02-23T23:00:02Z
911,Galleta Ducales 243 G X9 Unds,4990,2024-02-23T23:00:02Z
912,Salsa Fruco Para Carnes 254 ML,7150,2024-02-23T23:08:25Z
913,Té Hindú Manzana Miel/Jengibre 18 G,9400,2024-02-23T23:07:20Z
914,Salsa Con Tomate Medalla de Oro Estilo Bolognesa 480 G,8650,2024-02-23T23:08:48Z
915,Crema Maggi Tomate 76 G,3750,2024-02-23T23:06:47Z
916,"Arroz Diana Fibra 2,5 Kg",15100,2024-02-23T23:04:46Z
917,CEREAL KELLOGG´S ALL-BRAN 400G,18600,2024-02-23T23:07:30Z
918,Pasta Comarrico 250 G,1900,2024-02-23T23:05:17Z
919,ALIM ENSURE LIQ VLLA 220ML X6 P/ESP,57120,2024-02-23T23:07:45Z
920,Kola Granulada Tarrito Rojo  Tradicional x 330 g + 135 g,23350,2024-02-23T23:05:10Z
921,Galleta De Mantequilla Moments 280 G,9100,2024-02-23T23:08:48Z
922,Galleta Gullon Chip de Chocolate Diet Nature 125 G,6020,2024-02-23T23:08:48Z
923,Aceitunas La Coruña Deshuesadas 500 G,10750,2024-02-23T23:08:48Z
924,Salsa Fruco Para Carnes 254 ML,7150,2024-02-23T23:08:25Z
925,Té Hindú Manzana Miel/Jengibre 18 G,9400,2024-02-23T23:07:20Z
926,Salsa Con Tomate Medalla de Oro Estilo Bolognesa 480 G,8650,2024-02-23T23:08:48Z
927,Crema Maggi Tomate 76 G,3750,2024-02-23T23:06:47Z
928,"Arroz Diana Fibra 2,5 Kg",15100,2024-02-23T23:04:46Z
929,CEREAL KELLOGG´S ALL-BRAN 400G,18600,2024-02-23T23:07:30Z
930,Pasta Comarrico 250 G,1900,2024-02-23T23:05:17Z
931,ALIM ENSURE LIQ VLLA 220ML X6 P/ESP,57120,2024-02-23T23:07:45Z
932,Kola Granulada Tarrito Rojo  Tradicional x 330 g + 135 g,23350,2024-02-23T23:05:10Z
933,Galleta De Mantequilla Moments 280 G,9100,2024-02-23T23:08:48Z
934,Galleta Gullon Chip de Chocolate Diet Nature 125 G,6020,2024-02-23T23:08:48Z
935,Aceitunas La Coruña Deshuesadas 500 G,10750,2024-02-23T23:08:48Z
936,Pasta Doria Tornillo Tricolor 500 G,4400,2024-02-23T23:21:05Z
937,Galleta Noel Tipo Leche 321 G,6990,2024-02-23T23:20:09Z
938,Salsa Maille Dijon Mostaza 200 G,13500,2024-02-23T23:21:05Z
939,Té De Aromática Hindú Surtido 18 G X20 Unds,6350,2024-02-23T23:18:26Z
940,Arvejas Zenú con Zanahoria 300 G,6000,2024-02-23T23:21:05Z
941,Aceite De Oliva Carbonel Extra Virgen 250 ML,20200,2024-02-23T23:21:05Z
942,Filtro De Papel Melitta Nº2 Para Tú Café X30 Unds,5497,2024-02-23T23:16:14Z
943,Galleta Ducales Provocación Bolsa 168 G,7400,2024-02-23T23:18:59Z
944,Galleta Bridge Vainilla Individual 30 G X8 Unds,5950,2024-02-23T23:16:44Z
945,Salsa Fruco Soya 154 ML,5600,2024-02-23T23:17:12Z
946,Base Maggi Pasta Bolognesa 50 G,3600,2024-02-23T23:19:51Z
947,Cereal Tosh Barra Avena Arándanos 23 G X6 Unds,9050,2024-02-23T23:21:05Z
948,Pasta Doria Tornillo Tricolor 500 G,4400,2024-02-23T23:21:05Z
949,Galleta Noel Tipo Leche 321 G,6990,2024-02-23T23:20:09Z
950,Salsa Maille Dijon Mostaza 200 G,13500,2024-02-23T23:21:05Z
951,Té De Aromática Hindú Surtido 18 G X20 Unds,6350,2024-02-23T23:18:26Z
952,Arvejas Zenú con Zanahoria 300 G,6000,2024-02-23T23:21:05Z
953,Aceite De Oliva Carbonel Extra Virgen 250 ML,20200,2024-02-23T23:21:05Z
954,Filtro De Papel Melitta Nº2 Para Tú Café X30 Unds,5497,2024-02-23T23:16:14Z
955,Galleta Ducales Provocación Bolsa 168 G,7400,2024-02-23T23:18:59Z
956,Galleta Bridge Vainilla Individual 30 G X8 Unds,5950,2024-02-23T23:16:44Z
957,Salsa Fruco Soya 154 ML,5600,2024-02-23T23:17:12Z
958,Base Maggi Pasta Bolognesa 50 G,3600,2024-02-23T23:19:51Z
959,Cereal Tosh Barra Avena Arándanos 23 G X6 Unds,9050,2024-02-23T23:21:05Z
960,Atún Van Camps Finas Hierbas en Aceite De Oliva 80 G X3 Unds,17850,2024-02-23T23:16:46Z
961,Pasta Para Lasaña Monticello Nº510 Precocidas 400 G,13450,2024-02-23T23:20:34Z
962,Salsa Barilla para Pasta Bolognesa 400 G,22990,2024-02-23T23:20:56Z
963,Miel de Abeja La Abeja Dorada 520 G,15250,2024-02-23T23:21:13Z
964,Té Tosh Frutos Rojos 24 G X20 Unds,9800,2024-02-23T23:19:15Z
965,Arequipe Kónfyt Sin Azúcar 280 G,12845,2024-02-23T23:17:08Z
966,Champiñones Al&apos;fresco Tajados 280 G,6600,2024-02-23T23:20:23Z
967,Panela Loma Dulce Pastilla 940 G,5100,2024-02-23T23:18:37Z
968,Aceite de Soya Olimpica 3 Lt,37990,2024-02-23T23:21:13Z
969,Panela Olimpica 1 Kg,4400,2024-02-23T23:20:56Z
970,Crema Maggi Champiñones 72 G,3750,2024-02-23T23:21:00Z
971,Endulzante Erba Dolce Frasco 160 G,12775,2024-02-23T23:16:46Z
972,Atún Van Camps Finas Hierbas en Aceite De Oliva 80 G X3 Unds,17850,2024-02-23T23:16:46Z
973,Pasta Para Lasaña Monticello Nº510 Precocidas 400 G,13450,2024-02-23T23:20:34Z
974,Salsa Barilla para Pasta Bolognesa 400 G,22990,2024-02-23T23:20:56Z
975,Miel de Abeja La Abeja Dorada 520 G,15250,2024-02-23T23:21:13Z
976,Té Tosh Frutos Rojos 24 G X20 Unds,9800,2024-02-23T23:19:15Z
977,Arequipe Kónfyt Sin Azúcar 280 G,12845,2024-02-23T23:17:08Z
978,Champiñones Al&apos;fresco Tajados 280 G,6600,2024-02-23T23:20:23Z
979,Panela Loma Dulce Pastilla 940 G,5100,2024-02-23T23:18:37Z
980,Aceite de Soya Olimpica 3 Lt,37990,2024-02-23T23:21:13Z
981,Panela Olimpica 1 Kg,4400,2024-02-23T23:20:56Z
982,Crema Maggi Champiñones 72 G,3750,2024-02-23T23:21:00Z
983,Endulzante Erba Dolce Frasco 160 G,12775,2024-02-23T23:16:46Z
984,Lychee Almibar Metoo 567 G,10950,2024-02-23T23:09:03Z
985,Pasta Doria Concha 500 G,4400,2024-02-23T23:09:03Z
986,Harina de Maíz Arepasan Amarilla 1 Kg,5200,2024-02-23T23:09:03Z
987,Sardina Van Camps Cilíndrica 155 G,6150,2024-02-23T23:09:03Z
988,Caldo Costilla Ricostilla 84 G,3700,2024-02-23T23:09:03Z
989,Pasta Comarrico Fideo 250 G,1900,2024-02-23T23:06:43Z
990,Huevo A Santa Reyes Rojo X30 Unds,20000,2024-02-23T23:09:03Z
991,Sopa Instantánea Ajinomen Fideo Gallina Criolla 80 G,2900,2024-02-23T23:05:07Z
992,Salsa Maggi Pasta Carbonara 50 G,3600,2024-02-23T23:09:03Z
993,Galletas Ritz Bolsa 134 G,4400,2024-02-23T23:07:46Z
994,Maizena La Original 90 G,3300,2024-02-23T23:04:27Z
995,AJO EL REY PURO 25g,2100,2024-02-23T23:09:03Z
996,Lychee Almibar Metoo 567 G,10950,2024-02-23T23:09:03Z
997,Pasta Doria Concha 500 G,4400,2024-02-23T23:09:03Z
998,Harina de Maíz Arepasan Amarilla 1 Kg,5200,2024-02-23T23:09:03Z
999,Sardina Van Camps Cilíndrica 155 G,6150,2024-02-23T23:09:03Z
1000,Caldo Costilla Ricostilla 84 G,3700,2024-02-23T23:09:03Z
1001,Pasta Comarrico Fideo 250 G,1900,2024-02-23T23:06:43Z
1002,Huevo A Santa Reyes Rojo X30 Unds,20000,2024-02-23T23:09:03Z
1003,Sopa Instantánea Ajinomen Fideo Gallina Criolla 80 G,2900,2024-02-23T23:05:07Z
1004,Salsa Maggi Pasta Carbonara 50 G,3600,2024-02-23T23:09:03Z
1005,Galletas Ritz Bolsa 134 G,4400,2024-02-23T23:07:46Z
1006,Maizena La Original 90 G,3300,2024-02-23T23:04:27Z
1007,AJO EL REY PURO 25g,2100,2024-02-23T23:09:03Z
1008,AZUCAR MANUELITA POLIET 5 kg,22950,2024-02-23T23:17:29Z
1009,Aceite con Oliva Olivetto Para Freír 1000 ML,34950,2024-02-23T23:19:16Z
1010,Galleta Festival Limón 403 G,8500,2024-02-23T23:21:27Z
1011,Pasta La Muñeca Spaguetti Para 4 Personas 250 G,1990,2024-02-23T23:21:27Z
1012,Aceitunas Al&apos;fresco Deshuesadas 500 G,9250,2024-02-23T23:21:14Z
1013,Arroz Mi Arroz 3 Kg,11920,2024-02-23T23:20:26Z
1014,Galleta Wafer Gullón sin Azúcar 70 G,3080,2024-02-23T23:21:27Z
1015,"Galleta Tosh Mouse de Naranja 148,8 G",8300,2024-02-23T23:17:19Z
1016,Arvejas La Coruña Natural 310 G,3550,2024-02-23T23:21:27Z
1017,PaPasta De Tomate Olimpica Doypack 200 G,3390,2024-02-23T23:18:34Z
1018,Pasta De Tomate Hunt&apos;s 170 G,10850,2024-02-23T23:21:27Z
1019,Pasta de Tomate La Coruña 250 G,5250,2024-02-23T23:21:23Z
1020,AZUCAR MANUELITA POLIET 5 kg,22950,2024-02-23T23:17:29Z
1021,Aceite con Oliva Olivetto Para Freír 1000 ML,34950,2024-02-23T23:19:16Z
1022,Galleta Festival Limón 403 G,8500,2024-02-23T23:21:27Z
1023,Pasta La Muñeca Spaguetti Para 4 Personas 250 G,1990,2024-02-23T23:21:27Z
1024,Aceitunas Al&apos;fresco Deshuesadas 500 G,9250,2024-02-23T23:21:14Z
1025,Arroz Mi Arroz 3 Kg,11920,2024-02-23T23:20:26Z
1026,Galleta Wafer Gullón sin Azúcar 70 G,3080,2024-02-23T23:21:27Z
1027,"Galleta Tosh Mouse de Naranja 148,8 G",8300,2024-02-23T23:17:19Z
1028,Arvejas La Coruña Natural 310 G,3550,2024-02-23T23:21:27Z
1029,PaPasta De Tomate Olimpica Doypack 200 G,3390,2024-02-23T23:18:34Z
1030,Pasta De Tomate Hunt&apos;s 170 G,10850,2024-02-23T23:21:27Z
1031,Pasta de Tomate La Coruña 250 G,5250,2024-02-23T23:21:23Z
1032,Alcaparras La Coruña En Vinagre 250 G,6840,2024-02-23T23:21:34Z
1033,Dulce De Guayaba Olimpica Light 220 G X12 Unds,8640,2024-02-23T23:19:56Z
1034,Salsa Mckondo para Carnes 170 Ml + Salsa Inglesa Negra Gratis,7000,2024-02-23T23:17:21Z
1035,Aceite Gourmet Coco Spray 160 G,33850,2024-02-23T23:19:46Z
1036,Cereal Kellogg&apos;s Corn Flakes 350 G,14400,2024-02-23T23:21:16Z
1037,Panela Olimpica Pastilla 500 G,2890,2024-02-23T23:21:34Z
1038,Salsa San Jorge Mostaza Doypack 200 G,6600,2024-02-23T23:16:46Z
1039,Frijol Olimpica Blanquillo 450 G,4650,2024-02-23T23:17:25Z
1040,Salsa Mayonesa La Constancia 380 G,5250,2024-02-23T23:21:34Z
1041,Cereal Natures Heart Chia Life 250 G,12950,2024-02-23T23:16:37Z
1042,Harina Promasa Blanca 1 Kg,5450,2024-02-23T23:21:34Z
1043,Arroz Blanquita 5 Kg,22350,2024-02-23T23:21:34Z
1044,Alcaparras La Coruña En Vinagre 250 G,6840,2024-02-23T23:21:34Z
1045,Dulce De Guayaba Olimpica Light 220 G X12 Unds,8640,2024-02-23T23:19:56Z
1046,Salsa Mckondo para Carnes 170 Ml + Salsa Inglesa Negra Gratis,7000,2024-02-23T23:17:21Z
1047,Aceite Gourmet Coco Spray 160 G,33850,2024-02-23T23:19:46Z
1048,Cereal Kellogg&apos;s Corn Flakes 350 G,14400,2024-02-23T23:21:16Z
1049,Panela Olimpica Pastilla 500 G,2890,2024-02-23T23:21:34Z
1050,Salsa San Jorge Mostaza Doypack 200 G,6600,2024-02-23T23:16:46Z
1051,Frijol Olimpica Blanquillo 450 G,4650,2024-02-23T23:17:25Z
1052,Salsa Mayonesa La Constancia 380 G,5250,2024-02-23T23:21:34Z
1053,Cereal Natures Heart Chia Life 250 G,12950,2024-02-23T23:16:37Z
1054,Harina Promasa Blanca 1 Kg,5450,2024-02-23T23:21:34Z
1055,Arroz Blanquita 5 Kg,22350,2024-02-23T23:21:34Z
1056,Té Hindú 80 G X50 Unds,15100,2024-02-23T23:20:54Z
1057,Caldo Doña Gallina Desmenuzado 81 G 12X9 Unds Oferta,3990,2024-02-23T23:21:22Z
1058,Huevos A Olimpica Rojos X6 Unds,4900,2024-02-23T23:21:41Z
1059,Pasta Arroz Best Choice Tallarin 400 G,14050,2024-02-23T23:18:21Z
1060,Pasta Macarrón Doria con Salsa Queso 210 G,4150,2024-02-23T23:17:15Z
1061,Pasta La Muñeca Concha 250 G,2350,2024-02-23T23:21:41Z
1062,GALLETA OLIMPICA SALAD X5 TACO 470g,4950,2024-02-23T23:21:07Z
1063,Condimento Maggi Sazonatodo 200 G,5450,2024-02-23T23:20:03Z
1064,MOSTAZA BARY D/PACK C/TAPON 200 g,4500,2024-02-23T23:21:41Z
1065,Huevos AA Olimpica Rojos X12 Unds,8050,2024-02-23T23:21:41Z
1066,Maíz Cuchuco Ama a Granel,3200,2024-02-23T23:20:56Z
1067,FRESCAVENA QUAKER VAINILLA X 440 GR,10750,2024-02-23T23:21:41Z
1068,Té Hindú 80 G X50 Unds,15100,2024-02-23T23:20:54Z
1069,Caldo Doña Gallina Desmenuzado 81 G 12X9 Unds Oferta,3990,2024-02-23T23:21:22Z
1070,Huevos A Olimpica Rojos X6 Unds,4900,2024-02-23T23:21:41Z
1071,Pasta Arroz Best Choice Tallarin 400 G,14050,2024-02-23T23:18:21Z
1072,Pasta Macarrón Doria con Salsa Queso 210 G,4150,2024-02-23T23:17:15Z
1073,Pasta La Muñeca Concha 250 G,2350,2024-02-23T23:21:41Z
1074,GALLETA OLIMPICA SALAD X5 TACO 470g,4950,2024-02-23T23:21:07Z
1075,Condimento Maggi Sazonatodo 200 G,5450,2024-02-23T23:20:03Z
1076,MOSTAZA BARY D/PACK C/TAPON 200 g,4500,2024-02-23T23:21:41Z
1077,Huevos AA Olimpica Rojos X12 Unds,8050,2024-02-23T23:21:41Z
1078,Maíz Cuchuco Ama a Granel,3200,2024-02-23T23:20:56Z
1079,FRESCAVENA QUAKER VAINILLA X 440 GR,10750,2024-02-23T23:21:41Z
1080,Condimento El Rey Zipper Color 90 G,2940,2024-02-23T23:16:46Z
1081,LECHE CONDEN O AZUC SEMIDESCREM 300 g,5950,2024-02-23T23:20:26Z
1082,Pasta Nº75 Barilla Penne Rigate 500 G,13300,2024-02-23T23:20:36Z
1083,Salsa de Tomate Olimpica Doypack 400 G,3990,2024-02-23T23:18:25Z
1084,Galleta Festival Chocolate 403 G,8500,2024-02-23T23:21:54Z
1085,Galleta Festival Vainilla/Fresa 403 G X12 Unds,8500,2024-02-23T23:17:57Z
1086,LECHE POLV THE CANTARO AZUCARADA 380g,9700,2024-02-23T23:21:54Z
1087,SAL REFISAL LIGHT DP 500g+SALERO 120g,9750,2024-02-23T23:21:41Z
1088,Aceitunas Gordal Karina Deshuesadas Sin Gluten 870 G,55750,2024-02-23T23:17:22Z
1089,Maíz Olimpica Cuchuco Amarillo 500 G,1700,2024-02-23T23:21:05Z
1090,Ciruela Pasa Al&apos;fresco Sin Semilla Doypack 250 G,15450,2024-02-23T23:20:29Z
1091,Granola Tosh Artesanal Avena Pasa 300 G,9700,2024-02-23T23:21:23Z
1092,Condimento El Rey Zipper Color 90 G,2940,2024-02-23T23:16:46Z
1093,LECHE CONDEN O AZUC SEMIDESCREM 300 g,5950,2024-02-23T23:20:26Z
1094,Pasta Nº75 Barilla Penne Rigate 500 G,13300,2024-02-23T23:20:36Z
1095,Salsa de Tomate Olimpica Doypack 400 G,3990,2024-02-23T23:18:25Z
1096,Galleta Festival Chocolate 403 G,8500,2024-02-23T23:21:54Z
1097,Galleta Festival Vainilla/Fresa 403 G X12 Unds,8500,2024-02-23T23:17:57Z
1098,LECHE POLV THE CANTARO AZUCARADA 380g,9700,2024-02-23T23:21:54Z
1099,SAL REFISAL LIGHT DP 500g+SALERO 120g,9750,2024-02-23T23:21:41Z
1100,Aceitunas Gordal Karina Deshuesadas Sin Gluten 870 G,55750,2024-02-23T23:17:22Z
1101,Maíz Olimpica Cuchuco Amarillo 500 G,1700,2024-02-23T23:21:05Z
1102,Ciruela Pasa Al&apos;fresco Sin Semilla Doypack 250 G,15450,2024-02-23T23:20:29Z
1103,Granola Tosh Artesanal Avena Pasa 300 G,9700,2024-02-23T23:21:23Z
1104,Granola Tosh Artesanal Avena Pasa 300 G,9700,2024-02-23T23:06:18Z
1105,Champiñones La Coruña Tajados 250 G,8245,2024-02-23T23:09:45Z
1106,Caldo Gallina Olimpica 138 G,2500,2024-02-23T23:06:45Z
1107,MAYONESA BARY D/PACK 1 kg,14150,2024-02-23T23:09:28Z
1108,Azúcar Incauca Morena Tubipack Papel 1 kg,7270,2024-02-23T23:05:29Z
1109,Panela Pastilla 1 Kg X8 Unds,5850,2024-02-23T23:07:45Z
1110,Salsa Con Tomate Medalla de Oro Estilo Napolitana 480 G,6850,2024-02-23T23:06:19Z
1111,Aceite de Oliva Rafael Salgado Extra Virgen 1 Lt,65050,2024-02-23T23:08:52Z
1112,AZUCAR MANUELITA EN SOBRES.,8290,2024-02-23T23:09:45Z
1113,Huevos AA Acondesa Rojos/Blancos X15 Unds,12400,2024-02-23T23:09:45Z
1114,Vinagre Barrentos Blanco 2 Lt,7150,2024-02-23T23:05:45Z
1115,Galleta Tosh Wafer Multicereal Coco 162 G X6 Unds,9500,2024-02-23T23:09:02Z
1116,Granola Tosh Artesanal Avena Pasa 300 G,9700,2024-02-23T23:06:18Z
1117,Champiñones La Coruña Tajados 250 G,8245,2024-02-23T23:09:45Z
1118,Caldo Gallina Olimpica 138 G,2500,2024-02-23T23:06:45Z
1119,MAYONESA BARY D/PACK 1 kg,14150,2024-02-23T23:09:28Z
1120,Azúcar Incauca Morena Tubipack Papel 1 kg,7270,2024-02-23T23:05:29Z
1121,Panela Pastilla 1 Kg X8 Unds,5850,2024-02-23T23:07:45Z
1122,Salsa Con Tomate Medalla de Oro Estilo Napolitana 480 G,6850,2024-02-23T23:06:19Z
1123,Aceite de Oliva Rafael Salgado Extra Virgen 1 Lt,65050,2024-02-23T23:08:52Z
1124,AZUCAR MANUELITA EN SOBRES.,8290,2024-02-23T23:09:45Z
1125,Huevos AA Acondesa Rojos/Blancos X15 Unds,12400,2024-02-23T23:09:45Z
1126,Vinagre Barrentos Blanco 2 Lt,7150,2024-02-23T23:05:45Z
1127,Galleta Tosh Wafer Multicereal Coco 162 G X6 Unds,9500,2024-02-23T23:09:02Z
1128,Salsa La Constancia Mostaneza Ajo 380 G,11600,2024-02-23T23:17:55Z
1129,Galleta Oreo Cookie &amp; Cream 432 G,10250,2024-02-23T23:17:50Z
1130,Galleta Tosh Avena Miel Ajonjolí 180 G X6 Unds,9250,2024-02-23T23:21:59Z
1131,Salsa BBQ San Jorge 1000 G,13640,2024-02-23T23:22:11Z
1132,Salsa La Constancia Mostaneza 380 G,12100,2024-02-23T23:22:11Z
1133,"Condimento Badia Sazón Completo 99,2 G",12500,2024-02-23T23:17:26Z
1134,Kola Granulada Tarrito Rojo  Vainilla x 330 g + 135 g,23350,2024-02-23T23:22:11Z
1135,Maíz Dulce Olimpica 425 G,5500,2024-02-23T23:22:07Z
1136,Galleta Royal Dansk 125 G,10700,2024-02-23T23:22:11Z
1137,Panela Medalla de Oro Red 750 G X2 Unds,3300,2024-02-23T23:20:45Z
1138,Salsa De Soya LKK Bajo En Sodio 500 Ml,24050,2024-02-23T23:22:12Z
1139,ALIM LIQ ENSURE ADVANCE CAFE 220ML,10300,2024-02-23T23:22:12Z
1140,Salsa La Constancia Mostaneza Ajo 380 G,11600,2024-02-23T23:17:55Z
1141,Galleta Oreo Cookie &amp; Cream 432 G,10250,2024-02-23T23:17:50Z
1142,Galleta Tosh Avena Miel Ajonjolí 180 G X6 Unds,9250,2024-02-23T23:21:59Z
1143,Salsa BBQ San Jorge 1000 G,13640,2024-02-23T23:22:11Z
1144,Salsa La Constancia Mostaneza 380 G,12100,2024-02-23T23:22:11Z
1145,"Condimento Badia Sazón Completo 99,2 G",12500,2024-02-23T23:17:26Z
1146,Kola Granulada Tarrito Rojo  Vainilla x 330 g + 135 g,23350,2024-02-23T23:22:11Z
1147,Maíz Dulce Olimpica 425 G,5500,2024-02-23T23:22:07Z
1148,Galleta Royal Dansk 125 G,10700,2024-02-23T23:22:11Z
1149,Panela Medalla de Oro Red 750 G X2 Unds,3300,2024-02-23T23:20:45Z
1150,Salsa De Soya LKK Bajo En Sodio 500 Ml,24050,2024-02-23T23:22:12Z
1151,ALIM LIQ ENSURE ADVANCE CAFE 220ML,10300,2024-02-23T23:22:12Z
1152,Aceite Ecofood Coco Virgen 190 ML,9990,2024-02-23T23:22:18Z
1153,Aceite Oliva Rafael Salgado Extra Virgen Botella 500 ML,35550,2024-02-23T23:22:18Z
1154,Arroz Diana Premium Coco 1 Kg,7950,2024-02-23T23:18:37Z
1155,COND AJO POLV O CHAPET 60 g,2350,2024-02-23T23:20:15Z
1156,Frijoles Zenú del Rancho 220 G,8350,2024-02-23T23:18:21Z
1157,Avena A Granel X Kg,5800,2024-02-23T23:19:51Z
1158,Sal E-Nature Himalaya 600 G,9093,2024-02-23T23:18:05Z
1159,GALLETA TOSH FUSION CEREAL FIT 229g,7200,2024-02-23T23:22:18Z
1160,Miel De Abeja Bon Miel Artesanal Orgánica 500 G,18350,2024-02-23T23:18:41Z
1161,Filtro De Papel Melitta Nº4 Para Tú Café X30 Unds,5737,2024-02-23T23:22:18Z
1162,Azúcar Incauca Blanca 1 Kg,4750,2024-02-23T23:22:18Z
1163,MOSTANEZA LA CONSTANCIA 190g,6200,2024-02-23T23:19:22Z
1164,Aceite Ecofood Coco Virgen 190 ML,9990,2024-02-23T23:22:18Z
1165,Aceite Oliva Rafael Salgado Extra Virgen Botella 500 ML,35550,2024-02-23T23:22:18Z
1166,Arroz Diana Premium Coco 1 Kg,7950,2024-02-23T23:18:37Z
1167,COND AJO POLV O CHAPET 60 g,2350,2024-02-23T23:20:15Z
1168,Frijoles Zenú del Rancho 220 G,8350,2024-02-23T23:18:21Z
1169,Avena A Granel X Kg,5800,2024-02-23T23:19:51Z
1170,Sal E-Nature Himalaya 600 G,9093,2024-02-23T23:18:05Z
1171,GALLETA TOSH FUSION CEREAL FIT 229g,7200,2024-02-23T23:22:18Z
1172,Miel De Abeja Bon Miel Artesanal Orgánica 500 G,18350,2024-02-23T23:18:41Z
1173,Filtro De Papel Melitta Nº4 Para Tú Café X30 Unds,5737,2024-02-23T23:22:18Z
1174,Azúcar Incauca Blanca 1 Kg,4750,2024-02-23T23:22:18Z
1175,MOSTANEZA LA CONSTANCIA 190g,6200,2024-02-23T23:19:22Z
1176,Proteína Toning Instantánea Soya 500 G,23310,2024-02-23T23:22:25Z
1177,Aceite de Girasol Premier Light 1 Lt,25400,2024-02-23T23:17:34Z
1178,Galleta Finas Noel Mantequilla Bolsa 300 G,8200,2024-02-23T23:18:27Z
1179,Jamoneta Zenú Grande 370 G,13400,2024-02-23T23:21:00Z
1180,Salchicha Zenú Viena Brost 150 G X3 Unds,14350,2024-02-23T23:20:13Z
1181,Salsa Soya Chang y Chang 1000 Ml,13250,2024-02-23T23:22:25Z
1182,Galleta Club Social Integral Multicereal 216 G,6750,2024-02-23T23:20:15Z
1183,Bocadillo De Guayaba La Delicia Veleño 12 Unds X500 G,8800,2024-02-23T23:22:25Z
1184,Galleta Noel Sultana Taco 220 G,6300,2024-02-23T23:20:59Z
1185,Cebolla El Rey Chapet 60 G,1650,2024-02-23T23:21:07Z
1186,Pastas Conzanzoni Vermichelli 1000 G,14400,2024-02-23T23:22:25Z
1187,Salsa De Soya LKK Sabor Champiñón 500 G,18700,2024-02-23T23:17:49Z
1188,Proteína Toning Instantánea Soya 500 G,23310,2024-02-23T23:22:25Z
1189,Aceite de Girasol Premier Light 1 Lt,25400,2024-02-23T23:17:34Z
1190,Galleta Finas Noel Mantequilla Bolsa 300 G,8200,2024-02-23T23:18:27Z
1191,Jamoneta Zenú Grande 370 G,13400,2024-02-23T23:21:00Z
1192,Salchicha Zenú Viena Brost 150 G X3 Unds,14350,2024-02-23T23:20:13Z
1193,Salsa Soya Chang y Chang 1000 Ml,13250,2024-02-23T23:22:25Z
1194,Galleta Club Social Integral Multicereal 216 G,6750,2024-02-23T23:20:15Z
1195,Bocadillo De Guayaba La Delicia Veleño 12 Unds X500 G,8800,2024-02-23T23:22:25Z
1196,Galleta Noel Sultana Taco 220 G,6300,2024-02-23T23:20:59Z
1197,Cebolla El Rey Chapet 60 G,1650,2024-02-23T23:21:07Z
1198,Pastas Conzanzoni Vermichelli 1000 G,14400,2024-02-23T23:22:25Z
1199,Salsa De Soya LKK Sabor Champiñón 500 G,18700,2024-02-23T23:17:49Z
